Country,ISO3,RW_Single_Count,RW_Single_Count_Cluster,RW_Collab_Count,RW_Collab_Count_Cluster,RW_Total_Count,RW_Total_Count_Cluster,WoS_Total_Publications,WoS_Total_Publications_Cluster,RR_Single_%,RR_Single_%_Cluster,RR_Collab_%,RR_Collab_%_Cluster,RR_Total_%,RR_Total_%_Cluster,Collaboration_Share_%,Collaboration_Share_%_Cluster,Total_Mean_RD_Years,Total_Mean_RD_Years_Cluster,Total_RD_?1_%,Total_RD_?1_%_Cluster,Total_RD_1_2_%,Total_RD_1_2_%_Cluster,Total_RD_2_3_%,Total_RD_2_3_%_Cluster,Total_RD_3_4_%,Total_RD_3_4_%_Cluster,Total_RD_4_5_%,Total_RD_4_5_%_Cluster,Total_RD_>5_%,Total_RD_>5_%_Cluster,Total_Slope13,Total_Slope13_Cluster,Single_Mean_RD_Years,Single_Mean_RD_Years_Cluster,Single_RD_?1_%,Single_RD_?1_%_Cluster,Single_RD_1_2_%,Single_RD_1_2_%_Cluster,Single_RD_2_3_%,Single_RD_2_3_%_Cluster,Single_RD_3_4_%,Single_RD_3_4_%_Cluster,Single_RD_4_5_%,Single_RD_4_5_%_Cluster,Single_RD_>5_%,Single_RD_>5_%_Cluster,Single_Slope13,Single_Slope13_Cluster,Collab_Mean_RD_Years,Collab_Mean_RD_Years_Cluster,Collab_RD_?1_%,Collab_RD_?1_%_Cluster,Collab_RD_1_2_%,Collab_RD_1_2_%_Cluster,Collab_RD_2_3_%,Collab_RD_2_3_%_Cluster,Collab_RD_3_4_%,Collab_RD_3_4_%_Cluster,Collab_RD_4_5_%,Collab_RD_4_5_%_Cluster,Collab_RD_>5_%,Collab_RD_>5_%_Cluster,Collab_Slope13,Collab_Slope13_Cluster,NRR_Total_RR,NRR_Total_RR_Cluster,NRR_Single_RR,NRR_Single_RR_Cluster,NRR_Collab_RR,NRR_Collab_RR_Cluster,NRD_Total,NRD_Total_Cluster,NRD_Single,NRD_Single_Cluster,NRD_Collab,NRD_Collab_Cluster,NRRDI_Total_RR,NRRDI_Total_RR_Cluster,NRRDI_Single_RR,NRRDI_Single_RR_Cluster,NRRDI_Collab_RR,NRRDI_Collab_RR_Cluster,NSlope13_Total,NSlope13_Total_Cluster,NSlope13_Single,NSlope13_Single_Cluster,NSlope13_Collab,NSlope13_Collab_Cluster,NRS13I_Total_RR,NRS13I_Total_RR_Cluster,NRS13I_Single_RR,NRS13I_Single_RR_Cluster,NRS13I_Collab_RR,NRS13I_Collab_RR_Cluster
China,CHN,32599,1.0,3433,1.0,36032,1.0,10226425,3.0,0.3187722,2.0,0.033569894,0.0,0.352342094,1.0,9.527642096,0.0,1.601177233,0.0,46.69738011,0.0,27.95293073,0.0,10.4767984,0.0,5.25366341,0.0,3.249888988,1.0,6.369338366,0.0,18.11029085,0.0,1.533864883,0.0,48.03214823,1.0,27.81987178,0.0,10.19356422,0.0,4.97254517,0.0,3.144268229,2.0,5.83760238,0.0,18.919292,0.0,2.240360251,0.0,34.02272065,0.0,29.21642878,0.0,13.16632683,1.0,7.92309933,2.0,4.252840082,0.0,11.41858433,0.0,10.42819691,0.0,0.240731957,1.0,0.0,2.0,0.926944257,0.0,0.922622639,0.0,0.94163626,0.0,0.71944646,0.0,0.581677298,0.0,0.47081813,0.0,0.823195359,0.0,0.643285214,0.0,0.476833697,0.0,0.469638879,0.0,0.442008586,0.0,0.238416848,0.0,0.698291568,0.0
Russia,RUS,2777,2.0,343,2.0,3120,3.0,1988242,2.0,0.139671127,0.0,0.017251421,0.0,0.156922548,2.0,10.99358974,0.0,2.5659199,0.0,24.1025641,0.0,23.46153846,0.0,11.34615385,0.0,18.3974359,1.0,16.28205128,0.0,6.41025641,0.0,6.378205128,0.0,2.586043517,0.0,23.51458408,1.0,22.68635218,0.0,10.73100468,0.0,19.51746489,2.0,17.824991,3.0,5.725603169,0.0,6.391789701,0.0,2.402994874,0.0,28.86297376,0.0,29.73760933,0.0,16.32653061,0.0,9.329446064,2.0,3.790087464,0.0,11.95335277,0.0,6.268221574,1.0,0.678797794,2.0,0.57037098,0.0,0.970127791,0.0,0.734212206,0.0,0.802718783,0.0,0.670376078,0.0,0.706505,0.0,0.686544881,0.0,0.820251935,0.0,0.118628845,0.0,0.124104023,0.0,0.318230767,0.0,0.39871332,0.0,0.347237501,0.0,0.644179279,0.0
Slovenia,SVN,12,0.0,8,0.0,20,0.0,134158,0.0,0.008944677,1.0,0.005963118,0.0,0.014907795,0.0,40.0,0.0,1.898151951,0.0,60.0,0.0,15.0,0.0,10.0,0.0,0.0,0.0,0.0,1.0,15.0,0.0,25.0,0.0,1.203741729,0.0,58.33333333,1.0,25.0,0.0,8.333333333,0.0,0.0,1.0,0.0,1.0,8.333333333,0.0,25.0,0.0,2.939767283,0.0,62.5,0.0,0.0,0.0,12.5,1.0,0.0,3.0,0.0,0.0,25.0,1.0,25.0,2.0,0.997147788,0.0,0.986686591,1.0,1.0,0.0,0.86462465,0.0,0.985221897,0.0,0.508420236,0.0,0.930886219,0.0,0.985954244,0.0,0.754210118,0.0,0.951391536,0.0,0.648044693,0.0,1.0,0.0,0.974269662,0.0,0.817365642,0.0,1.0,0.0
Japan,JPN,1370,4.0,469,2.0,1839,4.0,4268624,2.0,0.032094652,3.0,0.010987147,0.0,0.043081799,0.0,25.50299076,0.0,6.32540302,0.0,22.07721588,0.0,10.65796629,0.0,8.374116368,0.0,6.742794997,0.0,6.634040239,2.0,45.51386623,0.0,6.851549755,0.0,6.907569558,0.0,18.97810219,1.0,8.467153285,0.0,8.248175182,0.0,7.518248175,0.0,6.934306569,0.0,49.8540146,0.0,5.364963504,0.0,4.624831256,0.0,31.13006397,0.0,17.0575693,0.0,8.742004264,1.0,4.47761194,1.0,5.756929638,0.0,32.8358209,1.0,11.19402985,0.0,0.933991012,0.0,0.912962446,3.0,0.986704924,0.0,0.0,0.0,0.23215455,0.0,0.0,0.0,0.466995506,0.0,0.572558498,0.0,0.493352462,0.0,0.139796716,0.0,0.095192268,0.0,0.497512438,0.0,0.536893864,0.0,0.504077357,0.0,0.742108681,0.0
Bulgaria,BGR,9,0.0,9,0.0,18,0.0,132009,0.0,0.006817717,1.0,0.006817717,0.0,0.013635434,0.0,50.0,0.0,1.514031485,0.0,38.88888889,0.0,33.33333333,0.0,11.11111111,0.0,5.555555556,0.0,11.11111111,2.0,0.0,0.0,13.88888889,0.0,1.71754506,0.0,33.33333333,1.0,33.33333333,0.0,11.11111111,0.0,11.11111111,2.0,11.11111111,0.0,0.0,0.0,11.11111111,0.0,1.31051791,0.0,44.44444444,0.0,33.33333333,0.0,11.11111111,1.0,0.0,3.0,11.11111111,0.0,0.0,0.0,16.66666667,0.0,1.0,0.0,0.993460176,1.0,0.997738477,0.0,0.93964186,0.0,0.917385257,0.0,1.0,0.0,0.96982093,0.0,0.955422717,0.0,0.998869239,0.0,0.45450502,0.0,0.25698324,0.0,0.696696697,0.0,0.72725251,0.0,0.625221708,0.0,0.847217587,0.0
Iran,IRN,1343,4.0,674,2.0,2017,4.0,767421,0.0,0.175001727,0.0,0.08782663,2.0,0.262828356,1.0,33.4159643,0.0,3.238930419,0.0,30.34209222,0.0,20.87258304,0.0,12.64253842,0.0,8.477937531,0.0,5.156172533,1.0,22.50867625,0.0,8.849776896,0.0,3.684763901,0.0,32.31571109,1.0,17.05137751,0.0,9.605361132,0.0,7.892777364,0.0,4.318689501,2.0,28.8160834,0.0,11.35517498,0.0,2.350570826,0.0,26.40949555,0.0,28.48664688,0.0,18.69436202,0.0,9.643916914,2.0,6.824925816,0.0,9.940652819,0.0,3.857566766,1.0,0.441392081,1.0,0.457856027,0.0,0.783364789,2.0,0.60277591,0.0,0.657656472,0.0,0.686193547,0.0,0.522083996,0.0,0.557756249,0.0,0.734779168,0.0,0.229157007,0.0,0.263855206,0.0,0.230491619,0.0,0.335274544,0.0,0.360855616,0.0,0.506928204,0.0
Romania,ROU,126,0.0,77,0.0,203,0.0,342902,0.0,0.036745193,3.0,0.022455395,0.0,0.059200588,2.0,37.93103448,0.0,3.65056662,0.0,28.07881773,0.0,13.79310345,0.0,14.77832512,1.0,8.866995074,0.0,6.403940887,1.0,28.07881773,0.0,6.650246305,0.0,4.433232294,0.0,21.42857143,1.0,9.523809524,0.0,17.46031746,1.0,6.349206349,0.0,8.73015873,0.0,36.50793651,0.0,1.984126984,0.0,2.369840974,0.0,38.96103896,0.0,20.77922078,0.0,10.38961039,1.0,12.98701299,0.0,2.597402597,0.0,14.28571429,1.0,14.28571429,0.0,0.897858031,2.0,0.898152185,3.0,0.956356527,0.0,0.522384985,0.0,0.558837377,0.0,0.680379327,0.0,0.710121508,0.0,0.728494781,0.0,0.818367927,0.0,0.130794469,0.0,0.0,0.0,0.61003861,0.0,0.51432625,0.0,0.449076093,0.0,0.783197568,0.0
India,IND,3902,3.0,1937,1.0,5839,2.0,2575699,2.0,0.151492857,0.0,0.075202887,2.0,0.226695744,1.0,33.17348861,0.0,2.424478233,0.0,31.34098305,0.0,29.782497,0.0,16.25278301,1.0,5.6687789,0.0,5.257749615,1.0,11.69720843,0.0,7.544100017,0.0,2.533833191,0.0,36.622245,1.0,21.29677089,0.0,16.63249616,1.0,5.868785238,0.0,6.201947719,0.0,13.377755,0.0,9.994874423,0.0,2.204187555,0.0,20.70211668,0.0,46.87661332,0.0,15.48786784,0.0,5.265875065,1.0,3.355704698,0.0,8.311822406,0.0,2.607124419,1.0,0.52238942,1.0,0.532723121,0.0,0.816770969,2.0,0.761835205,0.0,0.809612029,0.0,0.730360545,0.0,0.642112313,0.0,0.671167575,0.0,0.773565757,0.0,0.170767416,0.0,0.225554006,0.0,0.184980024,0.0,0.346578418,0.0,0.379138564,0.0,0.500875497,0.0
Morocco,MAR,37,0.0,32,0.0,69,0.0,100482,0.0,0.036822515,3.0,0.0318465,0.0,0.068669015,2.0,46.37681159,0.0,1.204971778,0.0,62.31884058,0.0,20.28985507,0.0,10.14492754,0.0,4.347826087,0.0,1.449275362,1.0,1.449275362,0.0,26.08695652,0.0,1.091810496,0.0,72.97297297,0.0,16.21621622,0.0,5.405405405,3.0,0.0,1.0,2.702702703,2.0,2.702702703,0.0,33.78378378,0.0,1.335814511,0.0,50.0,0.0,25.0,0.0,15.625,0.0,9.375,2.0,0.0,0.0,0.0,0.0,17.1875,0.0,0.876632955,2.0,0.89790594,3.0,0.93150487,0.0,1.0,0.0,1.0,0.0,0.992367469,0.0,0.938316478,0.0,0.94895297,0.0,0.961936169,0.0,1.0,0.0,0.895364638,0.0,0.715653153,0.0,0.938316478,0.0,0.896635289,0.0,0.823579012,0.0
Brazil,BRA,287,4.0,190,0.0,477,4.0,1384521,2.0,0.020729191,1.0,0.013723158,0.0,0.034452349,0.0,39.83228512,0.0,3.502021102,0.0,31.86582809,0.0,17.8197065,0.0,12.15932914,0.0,6.918238994,0.0,6.918238994,2.0,24.31865828,0.0,9.853249476,0.0,3.539897975,0.0,36.93379791,1.0,14.63414634,0.0,8.362369338,0.0,6.968641115,0.0,7.665505226,0.0,25.43554007,0.0,14.28571429,0.0,3.44480709,0.0,24.21052632,0.0,22.63157895,0.0,17.89473684,0.0,6.842105263,1.0,5.789473684,0.0,22.63157895,1.0,3.157894737,1.0,0.953335379,0.0,0.949157254,1.0,0.979464626,0.0,0.551395338,0.0,0.676782891,0.0,0.356038806,0.0,0.752365359,0.0,0.812970072,0.0,0.667751716,0.0,0.274032087,0.0,0.346368715,0.0,0.205026079,0.0,0.613683733,0.0,0.647762984,0.0,0.592245352,0.0
Argentina,ARG,37,0.0,35,0.0,72,0.0,339633,0.0,0.010894112,1.0,0.010305241,0.0,0.021199353,0.0,48.61111111,0.0,3.992090653,0.0,36.11111111,0.0,15.27777778,0.0,12.5,0.0,5.555555556,0.0,6.944444444,2.0,23.61111111,0.0,11.80555556,0.0,3.656954696,0.0,32.43243243,1.0,18.91891892,0.0,5.405405405,3.0,10.81081081,2.0,10.81081081,0.0,21.62162162,0.0,13.51351351,0.0,4.346377237,0.0,40.0,0.0,11.42857143,0.0,20.0,0.0,0.0,3.0,2.857142857,0.0,25.71428571,1.0,10.0,0.0,0.9830442,0.0,0.980478358,1.0,0.98850945,0.0,0.455686691,0.0,0.661328077,0.0,0.084015598,0.0,0.719365445,0.0,0.820903218,0.0,0.536262524,0.0,0.361338798,0.0,0.324626302,0.0,0.454054054,0.0,0.672191499,0.0,0.65255233,0.0,0.721281752,0.0
Israel,ISR,87,0.0,72,0.0,159,0.0,719717,0.0,0.012088085,1.0,0.010003932,0.0,0.022092017,0.0,45.28301887,0.0,5.287719706,0.0,35.22012579,0.0,10.6918239,0.0,4.402515723,0.0,6.918238994,0.0,8.176100629,2.0,34.59119497,0.0,15.40880503,0.0,6.689513559,0.0,34.48275862,1.0,6.896551724,0.0,3.448275862,3.0,4.597701149,0.0,6.896551724,0.0,43.67816092,0.0,15.51724138,0.0,3.593885467,0.0,36.11111111,0.0,15.27777778,0.0,5.555555556,1.0,9.722222222,2.0,9.722222222,0.0,23.61111111,1.0,15.27777778,0.0,0.981043145,0.0,0.976675995,1.0,0.989306804,0.0,0.202655453,0.0,0.260944138,0.0,0.311058636,0.0,0.591849299,0.0,0.618810067,0.0,0.65018272,0.0,0.522475345,0.0,0.381044115,0.0,0.646146146,0.0,0.751759245,0.0,0.678860055,0.0,0.817726475,0.0
Croatia,HRV,26,0.0,27,0.0,53,0.0,139188,0.0,0.018679771,1.0,0.019398224,0.0,0.038077995,0.0,50.94339623,0.0,3.434866271,0.0,35.8490566,0.0,22.64150943,0.0,7.547169811,0.0,1.886792453,0.0,3.773584906,1.0,28.30188679,0.0,14.1509434,0.0,4.090243774,0.0,38.46153846,1.0,19.23076923,0.0,7.692307692,3.0,0.0,1.0,3.846153846,2.0,30.76923077,0.0,15.38461538,0.0,2.80376201,0.0,33.33333333,0.0,25.92592593,0.0,7.407407407,1.0,3.703703704,1.0,3.703703704,0.0,25.92592593,1.0,12.96296296,0.0,0.945207881,0.0,0.9556839,1.0,0.964446712,0.0,0.564510412,0.0,0.604121607,0.0,0.549455968,0.0,0.754859146,0.0,0.779902754,0.0,0.75695134,0.0,0.466224041,0.0,0.377309841,0.0,0.561895229,0.0,0.705715961,0.0,0.666496871,0.0,0.76317097,0.0
Indonesia,IDN,132,0.0,105,0.0,237,0.0,183922,0.0,0.071769554,3.0,0.057089418,2.0,0.128858973,2.0,44.30379747,0.0,1.441484215,0.0,56.96202532,0.0,19.83122363,0.0,11.39240506,0.0,4.641350211,0.0,3.797468354,1.0,3.375527426,0.0,22.78481013,0.0,1.094621783,0.0,71.96969697,0.0,14.39393939,0.0,6.060606061,3.0,2.272727273,0.0,3.787878788,2.0,1.515151515,0.0,32.95454545,0.0,1.877539846,0.0,38.0952381,0.0,26.66666667,0.0,18.0952381,0.0,7.619047619,2.0,3.80952381,0.0,5.714285714,0.0,10.0,0.0,0.741707025,2.0,0.786612487,3.0,0.864704596,2.0,0.953810055,0.0,0.99962883,0.0,0.828917222,0.0,0.84775854,0.0,0.893120659,0.0,0.846810909,0.0,0.852328718,0.0,0.872016252,0.0,0.454054054,0.0,0.797017872,0.0,0.82931437,0.0,0.659379325,0.0
Turkey,TUR,438,4.0,316,2.0,754,4.0,965312,0.0,0.045373931,3.0,0.03273553,0.0,0.078109461,2.0,41.90981432,0.0,2.056492682,0.0,35.94164456,0.0,29.70822281,0.0,15.1193634,1.0,6.763925729,0.0,3.846153846,1.0,8.620689655,0.0,10.41114058,0.0,2.17490991,0.0,43.83561644,1.0,22.60273973,0.0,13.01369863,0.0,5.02283105,0.0,3.196347032,2.0,12.32876712,0.0,15.4109589,0.0,1.892357411,0.0,25.0,0.0,39.55696203,0.0,18.03797468,0.0,9.17721519,2.0,4.746835443,0.0,3.481012658,0.0,3.481012658,1.0,0.855470606,2.0,0.87067283,3.0,0.929152232,0.0,0.83370133,0.0,0.857000101,0.0,0.824446442,0.0,0.844585968,0.0,0.863836466,0.0,0.876799337,0.0,0.298980858,0.0,0.37805158,0.0,0.216786407,0.0,0.577225732,0.0,0.624362205,0.0,0.572969319,0.0
Algeria,DZA,49,0.0,50,0.0,99,0.0,100351,0.0,0.048828612,3.0,0.049825114,2.0,0.098653725,2.0,50.50505051,0.0,1.984526995,0.0,43.43434343,0.0,24.24242424,0.0,12.12121212,0.0,6.060606061,0.0,3.03030303,1.0,11.11111111,0.0,15.65656566,0.0,1.829331322,0.0,51.02040816,1.0,20.40816327,0.0,12.24489796,0.0,2.040816327,0.0,2.040816327,2.0,12.24489796,0.0,19.3877551,0.0,2.136618754,0.0,36.0,0.0,28.0,0.0,12.0,1.0,10.0,2.0,4.0,0.0,10.0,0.0,12.0,0.0,0.809417176,2.0,0.859670944,3.0,0.883928108,2.0,0.847755945,0.0,0.902626294,0.0,0.750747513,0.0,0.82858656,0.0,0.881148619,0.0,0.81733781,0.0,0.533555147,0.0,0.490023943,0.0,0.526846847,0.0,0.671486162,0.0,0.674847443,0.0,0.705387477,0.0
United States,USA,4153,3.0,3018,1.0,7171,2.0,25205297,1.0,0.016476695,1.0,0.011973674,0.0,0.028450369,0.0,42.08618045,0.0,4.109581227,0.0,33.14739925,0.0,14.02872682,0.0,9.468693348,0.0,7.307209594,0.0,5.299121461,1.0,30.74884953,0.0,11.83935295,0.0,4.280341285,0.0,33.95136046,1.0,12.73777992,0.0,8.861064291,0.0,7.320009632,0.0,5.369612328,0.0,31.76017337,0.0,12.54514809,0.0,3.874602261,0.0,32.04108681,0.0,15.80516899,0.0,10.30483764,1.0,7.289595759,2.0,5.20212061,0.0,29.35719019,1.0,10.86812459,0.0,0.966789827,0.0,0.962699886,1.0,0.984094282,0.0,0.432741245,0.0,0.579023334,0.0,0.22636031,0.0,0.699765536,0.0,0.77086161,0.0,0.605227296,0.0,0.36285021,0.0,0.297360594,0.0,0.485650661,0.0,0.664820019,0.0,0.63003024,0.0,0.734872471,0.0
Taiwan,TWN,394,4.0,320,2.0,714,4.0,928577,0.0,0.042430515,3.0,0.034461332,0.0,0.076891846,2.0,44.81792717,0.0,2.147111548,0.0,40.05602241,0.0,23.80952381,0.0,12.88515406,0.0,8.543417367,0.0,3.50140056,1.0,11.20448179,0.0,13.58543417,0.0,2.076896083,0.0,50.25380711,1.0,16.24365482,0.0,9.390862944,0.0,7.360406091,0.0,2.538071066,2.0,14.21319797,0.0,20.43147208,0.0,2.233564339,0.0,27.5,0.0,33.125,0.0,17.1875,0.0,10.0,2.0,4.6875,0.0,7.5,0.0,5.15625,1.0,0.858200094,2.0,0.880046527,3.0,0.924585247,0.0,0.816003824,0.0,0.869940711,0.0,0.721496934,0.0,0.837101959,0.0,0.874993619,0.0,0.82304109,0.0,0.44093459,0.0,0.519411281,0.0,0.277759009,0.0,0.649567342,0.0,0.699728904,0.0,0.601172128,0.0
Serbia,SRB,80,0.0,78,0.0,158,0.0,186408,0.0,0.042916613,3.0,0.041843698,2.0,0.084760311,2.0,49.36708861,0.0,3.076755127,0.0,27.21518987,0.0,22.78481013,0.0,16.4556962,1.0,9.493670886,0.0,6.962025316,2.0,17.08860759,0.0,5.379746835,0.0,3.025256674,0.0,35.0,1.0,25.0,0.0,12.5,0.0,5.0,0.0,2.5,2.0,20.0,0.0,11.25,0.0,3.129574054,0.0,19.23076923,0.0,20.51282051,0.0,20.51282051,0.0,14.1025641,0.0,11.53846154,0.0,14.1025641,1.0,-0.641025641,1.0,0.840561606,2.0,0.878498483,3.0,0.90504931,2.0,0.634448104,0.0,0.744730166,0.0,0.451151429,0.0,0.737504855,0.0,0.811614324,0.0,0.678100369,0.0,0.073978004,0.0,0.260893855,0.0,0.066759067,0.0,0.457269805,0.0,0.569696169,0.0,0.485904188,0.0
South Korea,KOR,804,4.0,639,2.0,1443,4.0,1704758,2.0,0.047162119,3.0,0.037483326,0.0,0.084645445,2.0,44.28274428,0.0,2.616470838,0.0,33.33333333,0.0,29.24462924,0.0,12.54331254,0.0,6.098406098,0.0,4.435204435,1.0,14.34511435,0.0,10.3950104,0.0,2.940846759,0.0,38.1840796,1.0,20.52238806,0.0,11.69154229,0.0,6.218905473,0.0,4.60199005,2.0,18.78109453,0.0,13.24626866,0.0,2.208335877,0.0,27.23004695,0.0,40.21909233,0.0,13.61502347,1.0,5.946791862,1.0,4.225352113,0.0,8.763693271,0.0,6.807511737,1.0,0.840819096,2.0,0.864978109,3.0,0.916588151,0.0,0.724339808,0.0,0.755874673,0.0,0.729108906,0.0,0.782579452,0.0,0.810426391,0.0,0.822848528,0.0,0.298259519,0.0,0.317101643,0.0,0.337858986,0.0,0.569539308,0.0,0.591039876,0.0,0.627223568,0.0
Greece,GRC,121,0.0,119,0.0,240,0.0,492222,0.0,0.024582404,3.0,0.024176083,0.0,0.048758487,2.0,49.58333333,0.0,3.006650696,0.0,43.33333333,0.0,13.33333333,0.0,12.91666667,0.0,5.833333333,0.0,5.833333333,1.0,18.75,0.0,15.20833333,0.0,3.005730254,0.0,44.62809917,1.0,9.917355372,0.0,9.917355372,0.0,10.74380165,2.0,5.785123967,0.0,19.00826446,0.0,17.3553719,0.0,3.007586608,0.0,42.01680672,0.0,16.80672269,0.0,15.96638655,0.0,0.840336134,1.0,5.882352941,0.0,18.48739496,1.0,13.02521008,0.0,0.921265759,2.0,0.936886189,3.0,0.951803075,0.0,0.648139223,0.0,0.747308208,0.0,0.487957679,0.0,0.784702491,0.0,0.842097199,0.0,0.719880377,0.0,0.513510294,0.0,0.432799298,0.0,0.564160799,0.0,0.717388026,0.0,0.684842743,0.0,0.757981937,0.0
Portugal,PRT,76,0.0,82,0.0,158,0.0,514423,0.0,0.014773834,1.0,0.015940189,0.0,0.030714023,0.0,51.89873418,0.0,2.36626552,0.0,42.40506329,0.0,18.98734177,0.0,13.92405063,0.0,6.962025316,0.0,4.430379747,1.0,13.29113924,0.0,14.24050633,0.0,2.785583054,0.0,46.05263158,1.0,13.15789474,0.0,9.210526316,0.0,5.263157895,0.0,3.947368421,2.0,22.36842105,0.0,18.42105263,0.0,1.977629756,0.0,39.02439024,0.0,24.3902439,0.0,18.29268293,0.0,8.536585366,2.0,4.87804878,0.0,4.87804878,0.0,10.36585366,0.0,0.961715465,0.0,0.968122873,1.0,0.973597701,0.0,0.773203918,0.0,0.776373894,0.0,0.798717932,0.0,0.867459692,0.0,0.872248383,0.0,0.886157816,0.0,0.470229277,0.0,0.462805057,0.0,0.467369809,0.0,0.715972371,0.0,0.715463965,0.0,0.720483755,0.0
Ireland,IRL,66,0.0,73,0.0,139,0.0,385302,0.0,0.017129421,1.0,0.018946177,0.0,0.036075598,0.0,52.51798561,0.0,3.931297672,0.0,46.04316547,0.0,8.633093525,0.0,7.913669065,0.0,2.877697842,0.0,4.316546763,1.0,30.21582734,0.0,19.0647482,0.0,5.070582623,0.0,45.45454545,1.0,3.03030303,0.0,6.060606061,3.0,1.515151515,0.0,1.515151515,2.0,42.42424242,0.0,19.6969697,0.0,2.901259224,0.0,46.57534247,0.0,13.69863014,0.0,9.589041096,1.0,4.109589041,1.0,6.849315068,0.0,19.17808219,1.0,18.49315068,0.0,0.949696592,0.0,0.960621197,1.0,0.965642962,0.0,0.46755932,0.0,0.474689023,0.0,0.52003895,0.0,0.708627956,0.0,0.71765511,0.0,0.742840956,0.0,0.685968343,0.0,0.49873032,0.0,0.763174133,0.0,0.817832468,0.0,0.729675758,0.0,0.864408548,0.0
Mexico,MEX,63,0.0,76,0.0,139,0.0,497553,0.0,0.012661968,1.0,0.015274755,0.0,0.027936722,0.0,54.67625899,0.0,2.548761812,0.0,42.44604317,0.0,17.26618705,0.0,10.07194245,0.0,6.474820144,0.0,5.755395683,1.0,17.98561151,0.0,16.18705036,0.0,2.91302978,0.0,44.44444444,1.0,11.11111111,0.0,11.11111111,0.0,4.761904762,0.0,3.174603175,2.0,25.3968254,0.0,16.66666667,0.0,2.246802839,0.0,40.78947368,0.0,22.36842105,0.0,9.210526316,1.0,7.894736842,2.0,7.894736842,0.0,11.84210526,0.0,15.78947368,0.0,0.967941253,0.0,0.974848389,1.0,0.975358639,0.0,0.737563113,0.0,0.759547305,0.0,0.717502592,0.0,0.852752183,0.0,0.867197847,0.0,0.846430616,0.0,0.55727831,0.0,0.413407821,0.0,0.664770033,0.0,0.762609781,0.0,0.694128105,0.0,0.820064336,0.0
Italy,ITA,576,4.0,599,2.0,1175,4.0,2998706,2.0,0.019208285,1.0,0.019975283,0.0,0.039183568,0.0,50.9787234,0.0,5.001435915,0.0,32.08510638,0.0,12.17021277,0.0,6.808510638,0.0,5.106382979,0.0,4.255319149,1.0,39.57446809,0.0,12.63829787,0.0,5.495755381,0.0,32.29166667,1.0,10.06944444,0.0,5.902777778,3.0,5.034722222,0.0,4.861111111,2.0,41.84027778,0.0,13.19444444,0.0,4.526096997,0.0,31.88647746,0.0,14.1903172,0.0,7.679465776,1.0,5.175292154,1.0,3.67278798,0.0,37.39565943,1.0,12.10350584,0.0,0.942729554,0.0,0.954000778,1.0,0.962919643,0.0,0.258565547,0.0,0.418554138,0.0,0.029790261,0.0,0.60064755,0.0,0.686277458,0.0,0.496354952,0.0,0.398578856,0.0,0.315642458,0.0,0.530614087,0.0,0.670654205,0.0,0.634821618,0.0,0.746766865,0.0
Germany,DEU,730,4.0,750,2.0,1480,4.0,5207198,2.0,0.014019056,1.0,0.01440314,0.0,0.028422196,0.0,50.67567568,0.0,5.628127717,0.0,34.7972973,0.0,14.05405405,0.0,8.851351351,0.0,5.472972973,0.0,3.783783784,1.0,33.04054054,0.0,12.97297297,0.0,7.663728165,0.0,35.20547945,1.0,8.082191781,0.0,8.493150685,0.0,3.97260274,0.0,3.287671233,2.0,40.95890411,0.0,13.35616438,0.0,3.646809948,0.0,34.4,0.0,19.86666667,0.0,9.2,1.0,6.933333333,1.0,4.266666667,0.0,25.33333333,1.0,12.6,0.0,0.966852983,0.0,0.970526563,1.0,0.977665192,0.0,0.136175113,0.0,0.132320128,0.0,0.295090176,0.0,0.551514048,0.0,0.551423345,0.0,0.636377684,0.0,0.413545455,0.0,0.320195913,0.0,0.548684685,0.0,0.690199219,0.0,0.645361238,0.0,0.763174938,0.0
Spain,ESP,348,4.0,392,2.0,740,4.0,2208196,2.0,0.015759471,1.0,0.017752047,0.0,0.033511518,0.0,52.97297297,0.0,4.442654975,0.0,31.89189189,0.0,16.08108108,0.0,8.783783784,0.0,5.945945946,0.0,4.189189189,1.0,33.10810811,0.0,11.55405405,0.0,5.466701283,0.0,33.90804598,1.0,10.05747126,0.0,4.885057471,3.0,4.885057471,0.0,4.022988506,2.0,42.24137931,0.0,14.51149425,0.0,3.533552641,0.0,30.10204082,0.0,21.42857143,0.0,12.24489796,1.0,6.887755102,1.0,4.336734694,0.0,25.0,1.0,8.928571429,0.0,0.955444409,0.0,0.964983983,1.0,0.968802985,0.0,0.367693258,0.0,0.422390104,0.0,0.329262354,0.0,0.661568833,0.0,0.693687043,0.0,0.64903267,0.0,0.350091704,0.0,0.352725872,0.0,0.415057915,0.0,0.652768057,0.0,0.658854927,0.0,0.69193045,0.0
Ukraine,UKR,34,0.0,51,0.0,85,0.0,213960,0.0,0.015890821,1.0,0.023836231,0.0,0.039727052,0.0,60.0,0.0,1.781825502,0.0,31.76470588,0.0,44.70588235,0.0,8.235294118,0.0,3.529411765,0.0,7.058823529,2.0,4.705882353,0.0,11.76470588,0.0,1.94725611,0.0,41.17647059,1.0,32.35294118,0.0,2.941176471,3.0,5.882352941,0.0,11.76470588,0.0,5.882352941,0.0,19.11764706,0.0,1.671538431,0.0,25.49019608,0.0,52.94117647,0.0,11.76470588,1.0,1.960784314,1.0,3.921568627,0.0,3.921568627,0.0,6.862745098,1.0,0.941511243,0.0,0.964565681,1.0,0.952702425,0.0,0.887342746,0.0,0.887056872,0.0,0.891072303,0.0,0.914426994,0.0,0.925811276,0.0,0.921887364,0.0,0.359512009,0.0,0.482418666,0.0,0.339869281,0.0,0.650511626,0.0,0.723492173,0.0,0.646285853,0.0
Singapore,SGP,97,0.0,140,0.0,237,0.0,466527,0.0,0.020791937,1.0,0.030008981,0.0,0.050800918,2.0,59.07172996,0.0,3.118804818,0.0,34.59915612,0.0,16.87763713,0.0,8.860759494,0.0,8.016877637,0.0,8.438818565,2.0,23.20675105,0.0,12.86919831,0.0,3.28598545,0.0,35.05154639,1.0,12.37113402,0.0,10.30927835,0.0,7.216494845,0.0,7.216494845,0.0,27.83505155,0.0,12.37113402,0.0,3.002972524,0.0,34.28571429,0.0,20.0,0.0,7.857142857,1.0,8.571428571,2.0,9.285714286,0.0,20.0,1.0,13.21428571,0.0,0.916687305,2.0,0.94895743,1.0,0.936367491,0.0,0.626235965,0.0,0.710306559,0.0,0.489349848,0.0,0.771461635,0.0,0.829631995,0.0,0.71285867,0.0,0.408904675,0.0,0.29246098,0.0,0.571042471,0.0,0.66279599,0.0,0.620709205,0.0,0.753704981,0.0
Poland,POL,133,0.0,186,0.0,319,0.0,1039303,2.0,0.012797038,1.0,0.01789661,0.0,0.030693648,0.0,58.30721003,0.0,2.578926702,0.0,30.72100313,0.0,26.01880878,0.0,15.36050157,1.0,8.463949843,0.0,4.702194357,1.0,14.73354232,0.0,7.680250784,0.0,3.876179154,0.0,25.56390977,1.0,14.28571429,0.0,14.28571429,0.0,9.77443609,2.0,8.270676692,0.0,27.81954887,0.0,5.639097744,0.0,1.651321455,0.0,34.40860215,0.0,34.40860215,0.0,16.12903226,0.0,7.52688172,2.0,2.150537634,0.0,5.376344086,0.0,9.139784946,0.0,0.96176114,0.0,0.97441824,1.0,0.968420431,0.0,0.731672029,0.0,0.63238422,0.0,0.897172202,0.0,0.846716585,0.0,0.80340123,0.0,0.932796316,0.0,0.176856049,0.0,0.102910909,0.0,0.422745326,0.0,0.569308595,0.0,0.538664574,0.0,0.695582878,0.0
United Kingdom,GBR,860,4.0,1168,1.0,2028,4.0,6994616,2.0,0.012295171,1.0,0.016698558,0.0,0.028993729,0.0,57.59368836,0.0,5.918729842,0.0,32.84023669,0.0,16.17357002,0.0,8.185404339,0.0,5.522682446,0.0,3.99408284,1.0,33.28402367,0.0,12.32741617,0.0,8.665937634,0.0,31.51162791,1.0,11.27906977,0.0,6.046511628,3.0,3.953488372,0.0,4.186046512,2.0,43.02325581,0.0,12.73255814,0.0,3.895956982,0.0,33.81849315,0.0,19.77739726,0.0,9.760273973,1.0,6.678082192,1.0,3.852739726,0.0,26.1130137,1.0,12.02910959,0.0,0.965571794,0.0,0.976016502,1.0,0.971590832,0.0,0.079421666,0.0,0.0,0.0,0.219917128,0.0,0.52249673,0.0,0.488008251,0.0,0.59575398,0.0,0.384676293,0.0,0.302637391,0.0,0.527906331,0.0,0.675124044,0.0,0.639326946,0.0,0.749748581,0.0
Egypt,EGY,437,4.0,626,2.0,1063,4.0,395140,0.0,0.110593714,0.0,0.158424862,2.0,0.269018576,1.0,58.88993415,0.0,3.1971787,0.0,26.24647225,0.0,23.98871119,0.0,14.8635936,1.0,10.25399812,0.0,7.055503293,2.0,17.59172154,0.0,5.691439323,0.0,4.16710914,0.0,24.48512586,1.0,13.27231121,0.0,15.10297483,1.0,10.06864989,2.0,8.009153318,0.0,29.0617849,0.0,4.691075515,0.0,2.520086684,0.0,27.47603834,0.0,31.46964856,0.0,14.69648562,0.0,10.38338658,2.0,6.389776358,0.0,9.584664537,0.0,6.389776358,1.0,0.427515662,1.0,0.662971834,0.0,0.596540859,2.0,0.610929856,0.0,0.593973195,0.0,0.635046947,0.0,0.519222759,0.0,0.628472515,0.0,0.615793903,0.0,0.087916825,0.0,0.076217992,0.0,0.322654923,0.0,0.257716243,0.0,0.369594913,0.0,0.459597891,0.0
Netherlands,NLD,189,4.0,295,2.0,484,4.0,1735884,2.0,0.010887824,1.0,0.016994223,0.0,0.027882047,0.0,60.95041322,0.0,4.365604901,0.0,34.7107438,0.0,13.84297521,0.0,10.95041322,0.0,6.818181818,0.0,5.371900826,1.0,28.30578512,0.0,11.88016529,0.0,5.525721674,0.0,31.21693122,1.0,12.16931217,0.0,10.05291005,0.0,10.58201058,2.0,4.761904762,2.0,31.21693122,0.0,10.58201058,0.0,3.622343647,0.0,36.94915254,0.0,14.91525424,0.0,11.52542373,1.0,4.406779661,1.0,5.762711864,0.0,26.44067797,1.0,12.71186441,0.0,0.968063816,0.0,0.980498383,1.0,0.970808414,0.0,0.382740833,0.0,0.414597736,0.0,0.302472188,0.0,0.675402324,0.0,0.697548059,0.0,0.636640301,0.0,0.364675329,0.0,0.242085661,0.0,0.552756146,0.0,0.666369572,0.0,0.611292022,0.0,0.76178228,0.0
Thailand,THA,110,0.0,184,0.0,294,0.0,275981,0.0,0.039857816,3.0,0.066671256,2.0,0.106529073,2.0,62.58503401,0.0,2.207182668,0.0,37.07482993,0.0,27.21088435,0.0,15.6462585,1.0,7.823129252,0.0,4.421768707,1.0,7.823129252,0.0,10.71428571,0.0,2.708107772,0.0,52.72727273,1.0,14.54545455,0.0,7.272727273,3.0,2.727272727,0.0,8.181818182,0.0,14.54545455,0.0,22.72727273,0.0,1.907716573,0.0,27.7173913,0.0,34.7826087,0.0,20.65217391,0.0,10.86956522,2.0,2.173913043,0.0,3.804347826,0.0,3.532608696,1.0,0.791763258,2.0,0.888239624,3.0,0.839348202,2.0,0.804272171,0.0,0.786602833,0.0,0.819812251,0.0,0.798017715,0.0,0.837421228,0.0,0.829580226,0.0,0.312537443,0.0,0.584052819,0.0,0.218664316,0.0,0.552150351,0.0,0.736146221,0.0,0.529006259,0.0
Malaysia,MYS,361,4.0,554,2.0,915,4.0,366471,0.0,0.098507112,0.0,0.15117158,2.0,0.249678692,1.0,60.54644809,0.0,1.815661853,0.0,48.52459016,0.0,22.07650273,0.0,10.6010929,0.0,6.775956284,0.0,4.262295082,1.0,7.759562842,0.0,18.96174863,0.0,1.316125069,0.0,75.90027701,0.0,8.310249307,0.0,3.601108033,3.0,1.385041551,0.0,2.493074792,2.0,8.310249307,0.0,36.14958449,0.0,2.141172284,0.0,30.68592058,0.0,31.04693141,0.0,15.16245487,0.0,10.28880866,2.0,5.415162455,0.0,7.400722022,0.0,7.761732852,1.0,0.470869269,1.0,0.701463209,0.0,0.615735202,2.0,0.88073464,0.0,0.970384103,0.0,0.749373614,0.0,0.675801955,0.0,0.835923656,0.0,0.682554408,0.0,0.681362224,0.0,0.961977127,0.0,0.372589196,0.0,0.576115747,0.0,0.831720168,0.0,0.494162199,0.0
Tunisia,TUN,54,0.0,101,0.0,155,0.0,130927,0.0,0.041244358,3.0,0.077142224,2.0,0.118386582,2.0,65.16129032,0.0,2.099154357,0.0,32.25806452,0.0,28.38709677,0.0,21.93548387,2.0,6.451612903,0.0,3.870967742,1.0,7.096774194,0.0,5.161290323,0.0,2.353385555,0.0,50.0,1.0,18.51851852,0.0,11.11111111,0.0,0.0,1.0,5.555555556,0.0,14.81481481,0.0,19.44444444,0.0,1.963228766,0.0,22.77227723,0.0,33.66336634,0.0,27.72277228,2.0,9.900990099,2.0,2.97029703,0.0,2.97029703,0.0,-2.475247525,1.0,0.765182654,2.0,0.883824001,3.0,0.811638905,2.0,0.825369674,0.0,0.833436245,0.0,0.803063021,0.0,0.795276164,0.0,0.858630123,0.0,0.807350963,0.0,0.064208675,0.0,0.491620112,0.0,0.0,0.0,0.414695665,0.0,0.687722056,0.0,0.405819452,0.0
France,FRA,419,4.0,658,2.0,1077,4.0,3574383,2.0,0.011722303,1.0,0.018408772,0.0,0.030131074,0.0,61.09563603,0.0,4.828892588,0.0,28.22655525,0.0,9.749303621,0.0,7.613741876,0.0,4.921077066,0.0,7.892293408,2.0,41.59702878,0.0,10.30640669,0.0,5.528125863,0.0,29.59427208,1.0,6.205250597,0.0,5.727923628,3.0,5.489260143,0.0,8.591885442,0.0,44.39140811,0.0,11.93317422,0.0,4.38363614,0.0,27.3556231,0.0,12.00607903,0.0,8.814589666,1.0,4.559270517,1.0,7.446808511,0.0,39.81762918,1.0,9.270516717,0.0,0.963022243,0.0,0.977840876,1.0,0.967065098,0.0,0.292262577,0.0,0.414280314,0.0,0.072773782,0.0,0.62764241,0.0,0.696060595,0.0,0.51991944,0.0,0.29429718,0.0,0.280129598,0.0,0.427503491,0.0,0.628659712,0.0,0.628985237,0.0,0.697284295,0.0
Australia,AUS,345,4.0,554,2.0,899,4.0,2450047,2.0,0.014081363,1.0,0.022611811,0.0,0.036693174,0.0,61.6240267,0.0,3.360612864,0.0,39.93325918,0.0,17.46384872,0.0,10.6785317,0.0,5.672969967,0.0,4.338153504,1.0,21.91323693,0.0,14.62736374,0.0,4.346389707,0.0,38.55072464,1.0,14.20289855,0.0,11.01449275,0.0,4.347826087,0.0,4.347826087,2.0,27.53623188,0.0,13.76811594,0.0,2.746726563,0.0,40.79422383,0.0,19.49458484,0.0,10.46931408,1.0,6.498194946,1.0,4.332129964,0.0,18.41155235,1.0,15.16245487,0.0,0.948312192,0.0,0.970328139,1.0,0.955942604,0.0,0.579011809,0.0,0.570303066,0.0,0.566664795,0.0,0.763662,0.0,0.770315602,0.0,0.7613037,0.0,0.487529457,0.0,0.331794996,0.0,0.641948808,0.0,0.717920825,0.0,0.651061568,0.0,0.798945706,0.0
Nigeria,NGA,59,0.0,119,0.0,178,0.0,138626,0.0,0.042560559,3.0,0.085842483,2.0,0.128403041,2.0,66.85393258,0.0,1.816963908,0.0,37.07865169,0.0,26.96629213,0.0,15.73033708,1.0,10.11235955,0.0,5.056179775,1.0,5.056179775,0.0,10.6741573,0.0,1.972737503,0.0,50.84745763,1.0,8.474576271,0.0,10.16949153,0.0,11.86440678,2.0,8.474576271,0.0,10.16949153,0.0,20.33898305,0.0,1.739731622,0.0,30.25210084,0.0,36.13445378,0.0,18.48739496,0.0,9.243697479,2.0,3.361344538,0.0,2.521008403,0.0,5.882352941,1.0,0.742729073,2.0,0.879632385,3.0,0.788615432,2.0,0.880480354,0.0,0.883692604,0.0,0.870496943,0.0,0.811604713,0.0,0.881662494,0.0,0.829556188,0.0,0.31074291,0.0,0.516807121,0.0,0.304186539,0.0,0.526735991,0.0,0.698219753,0.0,0.546400986,0.0
Canada,CAN,341,4.0,584,2.0,925,4.0,3411470,2.0,0.009995691,1.0,0.01711872,0.0,0.027114411,0.0,63.13513514,0.0,4.055458498,0.0,34.81081081,0.0,13.62162162,0.0,8.648648649,0.0,7.459459459,0.0,4.864864865,1.0,30.59459459,0.0,13.08108108,0.0,4.676168856,0.0,34.8973607,1.0,10.55718475,0.0,8.211143695,0.0,7.624633431,0.0,4.692082111,2.0,34.01759531,0.0,13.3431085,0.0,3.693023169,0.0,34.76027397,0.0,15.4109589,0.0,8.904109589,1.0,7.363013699,2.0,4.965753425,0.0,28.59589041,1.0,12.92808219,0.0,0.969784602,0.0,0.983339499,1.0,0.970478958,0.0,0.443311201,0.0,0.526762848,0.0,0.281146648,0.0,0.706547901,0.0,0.755051173,0.0,0.625812803,0.0,0.418380027,0.0,0.319828306,0.0,0.560625694,0.0,0.694082314,0.0,0.651583903,0.0,0.765552326,0.0
Denmark,DNK,63,0.0,129,0.0,192,0.0,739434,0.0,0.00852003,1.0,0.017445776,0.0,0.025965806,0.0,67.1875,0.0,4.219170659,0.0,37.5,0.0,12.5,0.0,4.6875,0.0,5.729166667,0.0,7.291666667,2.0,32.29166667,0.0,16.40625,0.0,3.600491075,0.0,47.61904762,1.0,6.349206349,0.0,4.761904762,3.0,4.761904762,0.0,7.936507937,0.0,28.57142857,0.0,21.42857143,0.0,4.521316503,0.0,32.55813953,0.0,15.50387597,0.0,4.651162791,1.0,6.201550388,1.0,6.976744186,0.0,34.10852713,1.0,13.95348837,0.0,0.972359393,0.0,0.988038935,1.0,0.96961347,0.0,0.411338862,0.0,0.66878288,0.0,0.031232639,0.0,0.691849128,0.0,0.828410908,0.0,0.500423055,0.0,0.567080871,0.0,0.547486034,0.0,0.597946784,0.0,0.769720132,0.0,0.767762484,0.0,0.783780127,0.0
South Africa,ZAF,85,0.0,168,0.0,253,0.0,498662,0.0,0.017045614,1.0,0.033690155,0.0,0.050735769,2.0,66.40316206,0.0,2.130751313,0.0,38.73517787,0.0,24.90118577,0.0,16.99604743,1.0,6.719367589,0.0,5.533596838,1.0,7.114624506,0.0,10.86956522,0.0,2.336353022,0.0,45.88235294,1.0,22.35294118,0.0,11.76470588,0.0,4.705882353,0.0,3.529411765,2.0,11.76470588,0.0,17.05882353,0.0,2.026726639,0.0,35.11904762,0.0,26.19047619,0.0,19.64285714,0.0,7.738095238,2.0,6.547619048,0.0,4.761904762,0.0,7.738095238,1.0,0.916833349,2.0,0.960888089,1.0,0.92662601,0.0,0.819198913,0.0,0.835685023,0.0,0.78390434,0.0,0.868016131,0.0,0.898286556,0.0,0.855265175,0.0,0.31948151,0.0,0.424449556,0.0,0.371728872,0.0,0.618157429,0.0,0.692668823,0.0,0.649177441,0.0
Belgium,BEL,67,0.0,137,0.0,204,0.0,947233,0.0,0.007073233,1.0,0.014463179,0.0,0.021536412,0.0,67.15686275,0.0,3.907731744,0.0,39.70588235,0.0,13.7254902,0.0,5.392156863,0.0,8.823529412,0.0,2.941176471,1.0,29.41176471,0.0,17.15686275,0.0,4.522439139,0.0,32.8358209,1.0,14.92537313,0.0,5.970149254,3.0,7.462686567,0.0,1.492537313,2.0,37.31343284,0.0,13.43283582,0.0,3.60710842,0.0,43.06569343,0.0,13.13868613,0.0,5.109489051,1.0,9.489051095,2.0,3.649635036,0.0,25.54744526,1.0,18.97810219,0.0,0.982288627,0.0,0.992646451,1.0,0.977506311,0.0,0.472161652,0.0,0.547059538,0.0,0.307068985,0.0,0.72722514,0.0,0.769852994,0.0,0.642287648,0.0,0.600648113,0.0,0.322354707,0.0,0.78082462,0.0,0.79146837,0.0,0.657500579,0.0,0.879165466,0.0
Austria,AUT,33,0.0,76,0.0,109,0.0,692672,0.0,0.00476416,1.0,0.010972004,0.0,0.015736164,0.0,69.72477064,0.0,2.92068396,0.0,43.11926606,0.0,16.51376147,0.0,10.09174312,0.0,5.504587156,0.0,5.504587156,1.0,19.26605505,0.0,16.51376147,0.0,3.570406322,0.0,42.42424242,1.0,15.15151515,0.0,6.060606061,3.0,6.060606061,0.0,3.03030303,2.0,27.27272727,0.0,18.18181818,0.0,2.638567672,0.0,43.42105263,0.0,17.10526316,0.0,11.84210526,1.0,5.263157895,1.0,6.578947368,0.0,15.78947368,1.0,15.78947368,0.0,0.99529086,0.0,1.0,1.0,0.986744997,0.0,0.664928186,0.0,0.672754922,0.0,0.599298671,0.0,0.830109523,0.0,0.836377461,0.0,0.793021834,0.0,0.571888761,0.0,0.456069071,0.0,0.664770033,0.0,0.783589811,0.0,0.728034535,0.0,0.825757515,0.0
Czech Republic,CZE,53,0.0,115,0.0,168,0.0,568727,0.0,0.009319058,1.0,0.020220598,0.0,0.029539656,0.0,68.45238095,0.0,3.409748704,0.0,34.52380952,0.0,23.21428571,0.0,8.928571429,0.0,7.142857143,0.0,7.142857143,2.0,19.04761905,0.0,12.79761905,0.0,3.408779203,0.0,39.62264151,1.0,16.98113208,0.0,5.660377358,3.0,3.773584906,0.0,9.433962264,0.0,24.52830189,0.0,16.98113208,0.0,3.410195518,0.0,32.17391304,0.0,26.08695652,0.0,10.43478261,1.0,8.695652174,2.0,6.086956522,0.0,16.52173913,1.0,10.86956522,0.0,0.964348007,0.0,0.985494325,1.0,0.962270466,0.0,0.569415773,0.0,0.694094294,0.0,0.366481865,0.0,0.76688189,0.0,0.83979431,0.0,0.664376166,0.0,0.405703665,0.0,0.422262043,0.0,0.485703094,0.0,0.685025836,0.0,0.703878184,0.0,0.72398678,0.0
Hungary,HUN,27,0.0,68,0.0,95,0.0,345150,0.0,0.007822686,1.0,0.019701579,0.0,0.027524265,0.0,71.57894737,0.0,3.217032314,0.0,29.47368421,0.0,22.10526316,0.0,16.84210526,1.0,5.263157895,0.0,8.421052632,2.0,17.89473684,0.0,6.315789474,0.0,5.293583796,0.0,25.92592593,1.0,18.51851852,0.0,18.51851852,1.0,0.0,1.0,0.0,1.0,37.03703704,0.0,3.703703704,0.0,2.392519225,0.0,30.88235294,0.0,23.52941176,0.0,16.17647059,0.0,7.352941176,2.0,11.76470588,0.0,10.29411765,0.0,7.352941176,1.0,0.968865846,0.0,0.99025972,1.0,0.963643944,0.0,0.607052523,0.0,0.445246532,0.0,0.673536808,0.0,0.787959185,0.0,0.717753126,0.0,0.818590376,0.0,0.115837631,0.0,0.048417132,0.0,0.357710652,0.0,0.542351738,0.0,0.519338426,0.0,0.660677298,0.0
Sweden,SWE,98,0.0,217,2.0,315,0.0,1192061,2.0,0.008221056,1.0,0.018203766,0.0,0.026424822,0.0,68.88888889,0.0,3.043594842,0.0,32.6984127,0.0,19.68253968,0.0,11.74603175,0.0,8.888888889,0.0,6.666666667,2.0,20.31746032,0.0,10.47619048,0.0,3.096146056,0.0,39.79591837,1.0,19.3877551,0.0,7.142857143,3.0,8.163265306,0.0,6.12244898,0.0,19.3877551,0.0,16.32653061,0.0,3.019862035,0.0,29.49308756,0.0,19.8156682,0.0,13.82488479,1.0,9.216589862,2.0,6.912442396,0.0,20.73732719,1.0,7.834101382,1.0,0.971330431,0.0,0.988991059,1.0,0.967607602,0.0,0.640924177,0.0,0.735370753,0.0,0.484253917,0.0,0.806127304,0.0,0.862180906,0.0,0.72593076,0.0,0.301889875,0.0,0.403830806,0.0,0.375223149,0.0,0.636610153,0.0,0.696410932,0.0,0.671415376,0.0
New Zealand,NZL,28,0.0,78,0.0,106,0.0,405573,0.0,0.006903813,1.0,0.019232049,0.0,0.026135862,0.0,73.58490566,0.0,2.921441763,0.0,44.33962264,0.0,16.03773585,0.0,8.490566038,0.0,6.603773585,0.0,4.716981132,1.0,19.81132075,0.0,17.9245283,0.0,2.52019165,0.0,60.71428571,1.0,10.71428571,0.0,3.571428571,3.0,3.571428571,0.0,0.0,1.0,21.42857143,0.0,28.57142857,0.0,3.065480265,0.0,38.46153846,0.0,17.94871795,0.0,10.25641026,1.0,7.692307692,2.0,6.41025641,0.0,19.23076923,1.0,14.1025641,0.0,0.971978184,0.0,0.993185993,1.0,0.964886459,0.0,0.664780191,0.0,0.811413101,0.0,0.470489911,0.0,0.818379187,0.0,0.902299547,0.0,0.717688185,0.0,0.634977953,0.0,0.748603352,0.0,0.603372603,0.0,0.803478068,0.0,0.870894673,0.0,0.784129531,0.0
Finland,FIN,31,0.0,85,0.0,116,0.0,563893,0.0,0.005497497,1.0,0.015073782,0.0,0.020571279,0.0,73.27586207,0.0,3.66069532,0.0,35.34482759,0.0,21.55172414,0.0,11.20689655,0.0,2.586206897,0.0,1.724137931,1.0,27.5862069,0.0,12.06896552,0.0,4.039831313,0.0,51.61290323,1.0,12.90322581,0.0,6.451612903,3.0,0.0,1.0,0.0,1.0,29.03225806,0.0,22.58064516,0.0,3.522422193,0.0,29.41176471,0.0,24.70588235,0.0,12.94117647,1.0,3.529411765,1.0,2.352941176,0.0,27.05882353,1.0,8.235294118,1.0,0.984452136,0.0,0.997664591,1.0,0.975890473,0.0,0.52040689,0.0,0.610777485,0.0,0.332620651,0.0,0.752429513,0.0,0.804221038,0.0,0.654255562,0.0,0.373118435,0.0,0.579924311,0.0,0.389825119,0.0,0.678785285,0.0,0.788794451,0.0,0.682857796,0.0
Colombia,COL,28,0.0,82,0.0,110,0.0,156196,0.0,0.017926195,1.0,0.052498143,2.0,0.070424339,2.0,74.54545455,0.0,1.552436065,0.0,57.27272727,0.0,21.81818182,0.0,7.272727273,0.0,5.454545455,0.0,0.909090909,1.0,7.272727273,0.0,25.0,0.0,1.717023565,0.0,57.14285714,1.0,14.28571429,0.0,7.142857143,3.0,14.28571429,2.0,0.0,1.0,7.142857143,0.0,25.0,0.0,1.496235455,0.0,57.31707317,0.0,24.3902439,0.0,7.317073171,1.0,2.43902439,1.0,1.219512195,0.0,7.317073171,0.0,25.0,2.0,0.872698103,2.0,0.958083762,1.0,0.876854476,2.0,0.932141597,0.0,0.91745411,0.0,0.943965001,0.0,0.90241985,0.0,0.937768936,0.0,0.910409739,0.0,0.951391536,0.0,0.648044693,0.0,1.0,0.0,0.912044819,0.0,0.803064228,0.0,0.938427238,0.0
Norway,NOR,45,0.0,125,0.0,170,0.0,539023,0.0,0.008348438,1.0,0.023190105,0.0,0.031538543,0.0,73.52941176,0.0,2.609542215,0.0,37.64705882,0.0,24.70588235,0.0,10.58823529,0.0,7.058823529,0.0,2.941176471,1.0,17.05882353,0.0,13.52941176,0.0,2.512495247,0.0,51.11111111,1.0,13.33333333,0.0,4.444444444,3.0,8.888888889,0.0,4.444444444,2.0,17.77777778,0.0,23.33333333,0.0,2.644479124,0.0,32.8,0.0,28.8,0.0,12.8,1.0,6.4,1.0,2.4,0.0,16.8,1.0,10.0,0.0,0.959867165,0.0,0.988585394,1.0,0.954412266,0.0,0.725692941,0.0,0.812429244,0.0,0.597515058,0.0,0.842780053,0.0,0.900507319,0.0,0.775963662,0.0,0.438429279,0.0,0.601117318,0.0,0.454054054,0.0,0.699148222,0.0,0.794851356,0.0,0.70423316,0.0
Chile,CHL,16,0.0,56,0.0,72,0.0,273095,0.0,0.005858767,1.0,0.020505685,0.0,0.026364452,0.0,77.77777778,0.0,3.090805384,0.0,31.94444444,0.0,22.22222222,0.0,18.05555556,1.0,8.333333333,0.0,1.388888889,1.0,18.05555556,0.0,6.944444444,0.0,4.08110883,0.0,50.0,1.0,12.5,0.0,18.75,1.0,0.0,1.0,0.0,1.0,18.75,0.0,15.625,0.0,2.807861543,0.0,26.78571429,0.0,25.0,0.0,17.85714286,0.0,10.71428571,2.0,1.785714286,0.0,17.85714286,1.0,4.464285714,1.0,0.971465762,0.0,0.996514078,1.0,0.961516041,0.0,0.631704144,0.0,0.60532768,0.0,0.54821905,0.0,0.801584953,0.0,0.800920879,0.0,0.754867545,0.0,0.143950947,0.0,0.384078212,0.0,0.252574003,0.0,0.557708354,0.0,0.690296145,0.0,0.607045022,0.0
Slovakia,SVK,8,0.0,42,0.0,50,0.0,154558,0.0,0.00517605,1.0,0.027174265,0.0,0.032350315,0.0,84.0,0.0,2.601396304,0.0,46.0,0.0,16.0,0.0,10.0,0.0,10.0,0.0,6.0,1.0,12.0,0.0,18.0,0.0,4.332306639,0.0,50.0,1.0,0.0,0.0,0.0,2.0,0.0,1.0,12.5,0.0,37.5,0.0,25.0,0.0,2.271699097,0.0,45.23809524,0.0,19.04761905,0.0,11.9047619,1.0,11.9047619,2.0,4.761904762,0.0,7.142857143,0.0,16.66666667,0.0,0.958047441,0.0,0.99868828,1.0,0.943868995,0.0,0.727283805,0.0,0.572162431,0.0,0.709990853,0.0,0.842665623,0.0,0.785425355,0.0,0.826929924,0.0,0.638353031,0.0,0.648044693,0.0,0.696696697,0.0,0.798200236,0.0,0.823366486,0.0,0.820282846,0.0
Switzerland,CHE,72,0.0,258,2.0,330,0.0,1303747,2.0,0.005522544,1.0,0.019789116,0.0,0.025311659,0.0,78.18181818,0.0,3.81305457,0.0,33.93939394,0.0,18.48484848,0.0,8.484848485,0.0,6.363636364,0.0,4.242424242,1.0,28.48484848,0.0,12.72727273,0.0,4.347935204,0.0,25.0,1.0,18.05555556,0.0,11.11111111,0.0,8.333333333,0.0,2.777777778,2.0,34.72222222,0.0,6.944444444,0.0,3.663785556,0.0,36.43410853,0.0,18.60465116,0.0,7.751937984,1.0,5.813953488,1.0,4.651162791,0.0,26.74418605,1.0,14.34108527,0.0,0.973825773,0.0,0.997584826,1.0,0.963412297,0.0,0.49065173,0.0,0.570099016,0.0,0.289968268,0.0,0.732238752,0.0,0.783841921,0.0,0.626690282,0.0,0.402557793,0.0,0.139664804,0.0,0.612053914,0.0,0.688191783,0.0,0.568624815,0.0,0.787733106,0.0
Vietnam,VNM,46,0.0,209,0.0,255,0.0,130407,0.0,0.03527418,3.0,0.16026747,2.0,0.19554165,1.0,81.96078431,0.0,2.173026801,0.0,25.49019608,0.0,32.15686275,0.0,18.03921569,1.0,8.62745098,0.0,9.411764706,2.0,6.274509804,0.0,3.725490196,0.0,1.390233015,0.0,43.47826087,1.0,36.95652174,0.0,13.04347826,0.0,2.173913043,0.0,4.347826087,2.0,0.0,0.0,15.2173913,0.0,2.345316343,0.0,21.53110048,0.0,31.10047847,0.0,19.13875598,0.0,10.04784689,2.0,10.52631579,0.0,7.655502392,0.0,1.196172249,1.0,0.592226569,1.0,0.902836818,3.0,0.591664769,2.0,0.810942677,0.0,0.960599748,0.0,0.687778938,0.0,0.701584623,0.0,0.931718283,0.0,0.639721854,0.0,0.0,0.0,0.372601409,0.0,0.133626449,0.0,0.296113284,0.0,0.637719113,0.0,0.362645609,0.0
Pakistan,PAK,242,4.0,1124,1.0,1366,4.0,322803,0.0,0.074968324,3.0,0.348199986,1.0,0.42316831,1.0,82.284041,0.0,1.73406169,0.0,31.69838946,0.0,38.21376281,0.0,16.61786237,1.0,8.052708638,0.0,2.415812592,1.0,3.001464129,0.0,7.540263543,0.0,1.693236264,0.0,46.69421488,1.0,23.14049587,0.0,13.63636364,0.0,7.438016529,0.0,2.892561983,2.0,6.198347107,0.0,16.52892562,0.0,1.742851506,0.0,28.46975089,0.0,41.45907473,0.0,17.25978648,0.0,8.185053381,2.0,2.31316726,0.0,2.31316726,0.0,5.604982206,1.0,0.081963061,1.0,0.776425583,3.0,0.094339412,1.0,0.89667083,0.0,0.920594709,0.0,0.869555606,0.0,0.489316946,0.0,0.848510146,0.0,0.481947509,0.0,0.17059585,0.0,0.409529526,0.0,0.294091244,0.0,0.126279456,0.0,0.592977554,0.0,0.194215328,0.0
Saudi Arabia,SAU,359,4.0,1816,1.0,2175,4.0,473102,0.0,0.075882156,3.0,0.383849572,1.0,0.459731728,1.0,83.49425287,0.0,2.034202994,0.0,25.6091954,0.0,41.33333333,0.0,16.68965517,1.0,5.793103448,0.0,3.540229885,1.0,7.034482759,0.0,4.459770115,0.0,1.720186311,0.0,35.6545961,1.0,33.14763231,0.0,20.8913649,1.0,2.506963788,0.0,2.78551532,2.0,5.013927577,0.0,7.381615599,0.0,2.096280081,0.0,23.62334802,0.0,42.95154185,0.0,15.85903084,0.0,6.442731278,1.0,3.689427313,0.0,7.433920705,0.0,3.88215859,1.0,0.0,1.0,0.773515364,3.0,0.0,1.0,0.838054418,0.0,0.917036537,0.0,0.762918563,0.0,0.419027209,0.0,0.845275951,0.0,0.381459281,0.0,0.032836841,0.0,0.151973981,0.0,0.231386673,0.0,0.016418421,0.0,0.462744673,0.0,0.115693337,0.0
U Arab Emirates,ARE,20,0.0,157,0.0,177,0.0,119024,0.0,0.016803334,1.0,0.13190617,2.0,0.148709504,2.0,88.70056497,0.0,1.673259937,0.0,41.8079096,0.0,33.33333333,0.0,16.38418079,1.0,3.389830508,0.0,0.564971751,1.0,4.519774011,0.0,12.71186441,0.0,1.558110883,0.0,75.0,0.0,15.0,0.0,0.0,2.0,5.0,0.0,0.0,1.0,5.0,0.0,37.5,0.0,1.687928607,0.0,37.57961783,0.0,35.66878981,0.0,18.47133758,0.0,3.184713376,1.0,0.636942675,0.0,4.458598726,0.0,9.554140127,0.0,0.697208715,2.0,0.961659663,1.0,0.666717209,2.0,0.908545172,0.0,0.938435099,0.0,0.886127032,0.0,0.802876944,0.0,0.950047381,0.0,0.77642212,0.0,0.401868736,0.0,1.0,0.0,0.437826361,0.0,0.549538726,0.0,0.980829831,0.0,0.552271785,0.0
