Country,ISO3,GDP (log_2000_2024),CPI (2000_2024),RDE (2000_2023),GEE (2000_2024),HDI (2000_2023),WGI (2000_2024),AFI (2000_2024),GII (2000-2025),RW_Single_Count,RW_Collab_Count,RW_Total_Count,WoS_Total_Publications,RR_Single_%,RR_Collab_%,RR_Total_%,CI_RR_Total_Lower_%,CI_RR_Total_Upper_%,Collaboration_Share_%,CI_Collab_Share_Lower_%,CI_Collab_Share_Upper_%,Total_Mean_RD_Years,Total_RD_≤1_%,Total_RD_1_2_%,Total_RD_2_3_%,Total_RD_3_4_%,Total_RD_4_5_%,Total_RD_>5_%,Total_Slope13,Total_Valid_RD_Count,Total_RD_Flag_<5,Single_Mean_RD_Years,Single_RD_≤1_%,Single_RD_1_2_%,Single_RD_2_3_%,Single_RD_3_4_%,Single_RD_4_5_%,Single_RD_>5_%,Single_Slope13,Single_Valid_RD_Count,Single_RD_Flag_<5,Collab_Mean_RD_Years,Collab_RD_≤1_%,Collab_RD_1_2_%,Collab_RD_2_3_%,Collab_RD_3_4_%,Collab_RD_4_5_%,Collab_RD_>5_%,Collab_Slope13,Collab_Valid_RD_Count,Collab_RD_Flag_<5,NRR_Total_RR,NRR_Single_RR,NRR_Collab_RR,NRD_Total,NRD_Single,NRD_Collab,NRRDI_Total_RR,NRRDI_Single_RR,NRRDI_Collab_RR,NSlope13_Total,NSlope13_Single,NSlope13_Collab,NRS13I_Total_RR,NRS13I_Single_RR,NRS13I_Collab_RR,RDE,RR,GDP,Gross_R&D_$,Net_R&D_$,Net_R&D_%,Retraction_Cost_$,Retraction_Cost_%,Paper_Cost_$,Cost_per_Retracted_Paper_$,RARE,Gross_R&D_$_log,Retraction_Cost_$_log,Paper_Cost_$_log,Cost_per_Retracted_Paper_$_log,RARE_log,Economic_Cluster,GDP_BillionUSD,Retraction_Cost_BillionUSD,Net_R&D_%_log,Hierarchical_Clusters
U Arab Emirates,ARE,26.39168657,65.77272727,1.06284875,3.91280667,0.852375,67.82449184,0.17568,44.15448883,20,151,171,104019,0.019227257,0.145165787,0.164393044,0.141545467,0.190921513,88.30409357,82.62504302,92.29991763,1.72609484,39.76608187,34.50292398,16.95906433,3.50877193,0.584795322,4.678362573,11.40350877,171,FALSE,1.558110883,75,15,0,5,0,5,37.5,20,FALSE,1.748344371,35.09933775,37.08609272,19.20529801,3.311258278,0.662251656,4.635761589,7.947019868,151,FALSE,0.721245068,0.962046454,0.692157544,0.865041646,0.889956883,0.86031135,0.793143357,0.926001669,0.776234447,0.343359351,1,0.379332975,0.53230221,0.981023227,0.535745259,0.010628487,0.00164393,2.90E+11,3077763972,3072704342,0.010611015,5059629.881,1.75E-05,29588.47876,29588.47884,3.37E-05,21.84746919,15.43680409,10.29517413,10.29517413,3.37E-05,1,289.5768539,0.00505963,0.010555113,1
Argentina,ARG,26.64962031,33.52,0.51062913,4.865823791,0.837125,46.99064481,0.92752,26.77795458,36,34,70,262069,0.01373684,0.012973683,0.026710523,0.021143865,0.033742249,48.57142857,37.24568238,60.04581726,4.09187445,34.28571429,15.71428571,12.85714286,5.714285714,7.142857143,24.28571429,10.71428571,70,FALSE,3.758536771,30.55555556,19.44444444,5.555555556,11.11111111,11.11111111,22.22222222,12.5,36,FALSE,4.444820228,38.23529412,11.76470588,20.58823529,0,2.941176471,26.47058824,8.823529412,34,FALSE,0.981336235,0.977564659,0.986120575,0.252361562,0.384747549,0,0.616848899,0.681156104,0.493060287,0.312537443,0.296089385,0.411234764,0.646936839,0.636827022,0.69867767,0.005106291,0.000267105,3.75E+11,1913765107,1913253930,0.005104927,511176.669,1.36E-06,7302.523789,7302.523843,0.000136902,21.3723384,13.1444725,8.896112221,8.896112229,0.000136893,3,374.7857289,0.000511177,0.005091941,0
Australia,AUS,27.6627809,82.08,2.0003975,5.262166818,0.929625,84.74286483,0.89316,48.00581661,335,546,881,1893949,0.01768791,0.028828654,0.046516564,0.043545255,0.049690519,61.97502838,58.7239699,65.12210605,3.144146601,40.52213394,17.70715096,10.78320091,5.448354143,4.426787741,21.1123723,14.86946652,881,FALSE,4.007674155,39.70149254,14.62686567,11.04477612,3.582089552,4.47761194,26.56716418,14.32835821,335,FALSE,2.614326581,41.02564103,19.5970696,10.62271062,6.593406593,4.395604396,17.76556777,15.2014652,546,FALSE,0.943921345,0.966397288,0.950862982,0.497800307,0.327546562,0.584019492,0.720860826,0.646971925,0.767441237,0.498356242,0.347569415,0.643368643,0.721138794,0.656983352,0.797115813,0.020003975,0.000465166,1.03E+12,20649493430,20639887995,0.01999467,9605434.827,9.31E-06,10902.87723,10902.87722,9.17E-05,23.75095662,16.07783973,9.296873714,9.296873713,9.17E-05,0,1032.269508,0.009605435,0.019797402,1
Austria,AUT,26.64397695,76.64,2.698466087,5.457321333,0.910666667,83.17541459,0.96636,50.09675661,31,75,106,534565,0.005799108,0.014030099,0.019829207,0.016396793,0.023979971,70.75471698,61.49089371,78.56678935,2.780313303,43.39622642,16.98113208,10.37735849,5.660377358,5.660377358,17.9245283,16.50943396,106,FALSE,3.594444812,41.93548387,16.12903226,6.451612903,6.451612903,3.225806452,25.80645161,17.74193548,31,FALSE,2.443805613,44,17.33333333,12,5.333333333,6.666666667,14.66666667,16,75,FALSE,0.994335485,1,0.983771361,0.592024391,0.422422432,0.638424253,0.793179938,0.711211216,0.811097807,0.571695236,0.443683547,0.672432432,0.783015361,0.721841773,0.828101897,0.026984661,0.000198292,3.73E+11,10056552607,10054558472,0.02697931,1994134.633,5.35E-06,18812.59081,18812.59088,5.31E-05,23.03149026,14.50572125,9.842334803,9.842334807,5.31E-05,0,372.6766349,0.001994135,0.026621785,1
Belgium,BEL,26.8453896,73.04,2.346709565,6.415417522,0.924291667,78.39695536,0.96736,48.46334069,64,136,200,715738,0.008941819,0.019001366,0.027943186,0.024329946,0.032092855,68,61.24797339,74.07357039,3.889445585,39.5,13.5,5.5,9,3,29.5,17,200,FALSE,4.682195414,31.25,14.0625,6.25,7.8125,1.5625,39.0625,12.5,64,FALSE,3.516386842,43.38235294,13.23529412,5.147058824,9.558823529,3.676470588,25,19.11764706,136,FALSE,0.979007655,0.991117386,0.972716475,0.304785775,0.172679071,0.296216922,0.641896715,0.581898229,0.634466698,0.593633244,0.296089385,0.785903551,0.78632045,0.643603386,0.879310013,0.023467096,0.000279432,4.56E+11,10697047180,10694058085,0.023460538,2989095.79,6.56E-06,14945.4789,14945.47895,6.69E-05,23.09323358,14.91048182,9.612231026,9.612231029,6.69E-05,0,455.8317459,0.002989096,0.02318957,1
Bulgaria,BGR,24.56466914,40.4,0.615056087,4.00949108,0.799791667,52.36206094,0.91084,39.09276293,9,9,18,87615,0.010272214,0.010272214,0.020544427,0.012996175,0.032475323,50,29.03070396,70.96929604,1.514031485,38.88888889,33.33333333,11.11111111,5.555555556,11.11111111,0,13.88888889,18,FALSE,1.71754506,33.33333333,33.33333333,11.11111111,11.11111111,11.11111111,0,11.11111111,9,FALSE,1.31051791,44.44444444,33.33333333,11.11111111,0,11.11111111,0,16.66666667,9,FALSE,0.992984388,0.987357138,0.992127983,0.919960961,0.853351408,1,0.956472674,0.920354273,0.996063992,0.45450502,0.25698324,0.696696697,0.723744704,0.622170189,0.84441234,0.006150561,0.000205444,46590809612,286559610.5,286500738.5,0.006149297,58872.02999,1.26E-06,3270.668384,3270.668333,0.000305685,19.47345714,10.98313837,8.093055343,8.093055327,0.000305638,3,46.59080961,5.89E-05,0.006130467,0
Brazil,BRA,28.01006293,37.875,1.12343381,5.337213657,0.745666667,49.84036236,0.8002,32.8689997,283,186,469,1205608,0.023473633,0.0154279,0.038901534,0.035537064,0.042584398,39.65884861,35.33270976,44.15302077,3.389727806,31.76972281,18.12366738,12.36673774,7.036247335,7.036247335,23.6673774,9.701492537,469,FALSE,3.349504067,37.45583039,14.8409894,8.480565371,7.067137809,7.77385159,24.38162544,14.48763251,283,FALSE,3.450928441,23.11827957,23.11827957,18.27956989,6.989247312,5.913978495,22.58064516,2.419354839,186,FALSE,0.95830663,0.950044423,0.980662993,0.434200675,0.478659887,0.317101443,0.696253652,0.714352155,0.648882218,0.267245549,0.35205401,0.178145888,0.612776089,0.651049217,0.57940444,0.011234338,0.000389015,1.46E+12,16412066129,16405681583,0.011229968,6384545.485,4.37E-06,13613.1032,13613.10338,7.34E-05,23.52128264,15.66939102,9.518861535,9.518861548,7.34E-05,0,1460.88412,0.006384545,0.01116738,1
Canada,CAN,28.01272282,83.04,1.834497917,4.900731037,0.921125,84.6857048,0.90856,51.06435452,311,560,871,2322475,0.013390887,0.024112208,0.037503095,0.035094178,0.040077297,64.29391504,61.05550039,67.40679495,3.648627813,36.28013777,13.77726751,8.151549943,7.233065442,5.051664753,29.50631458,14.06429392,871,FALSE,3.779343312,37.94212219,10.61093248,7.073954984,7.395498392,5.144694534,31.83279743,15.4340836,311,FALSE,3.576034028,35.35714286,15.53571429,8.75,7.142857143,5,28.21428571,13.30357143,560,FALSE,0.960948371,0.978542467,0.961351208,0.367151793,0.379970447,0.277186472,0.664050082,0.679256457,0.61926884,0.462349095,0.378702689,0.574292149,0.711648733,0.678622578,0.767821679,0.018344979,0.000375031,1.46E+12,26871268396,26861190838,0.018338099,10077557.31,6.88E-06,11570.10017,11570.10025,8.64E-05,24.01432346,16.12582156,9.356265904,9.35626591,8.64E-05,0,1464.775084,0.010077557,0.018171984,1
Switzerland,CHE,27.08351049,86.36,2.882265,4.962177836,0.939041667,88.28103138,0.91216,65.96195145,65,248,313,969339,0.0067056,0.025584445,0.032290045,0.028905902,0.036070242,79.23322684,74.39818246,83.35938473,3.7739305,34.50479233,17.8913738,8.945686901,6.389776358,3.833865815,28.43450479,12.77955272,313,FALSE,4.562101827,24.61538462,13.84615385,12.30769231,9.230769231,3.076923077,36.92307692,6.153846154,65,FALSE,3.567353337,37.09677419,18.9516129,8.064516129,5.64516129,4.032258065,26.20967742,14.51612903,248,FALSE,0.970796158,0.997437874,0.958077313,0.334701407,0.200252098,0.279956048,0.652748783,0.598844986,0.61901668,0.404895743,0.117404383,0.618424876,0.68784595,0.557421129,0.788251094,0.02882265,0.0003229,5.78E+11,16670670376,16665287409,0.028813343,5382966.966,9.31E-06,17197.97757,17197.97753,5.81E-05,23.53691675,15.49875045,9.752605217,9.752605215,5.81E-05,0,578.3878434,0.005382967,0.028406044,1
Chile,CHL,25.97890469,70.04,0.358136667,4.416576158,0.830291667,74.47349844,0.95772,33.06609233,15,55,70,223684,0.006705889,0.024588258,0.031294147,0.024772335,0.039532278,78.57142857,67.60859282,86.56141433,2.7349956,32.85714286,22.85714286,18.57142857,8.571428571,1.428571429,15.71428571,7.142857143,70,FALSE,2.675245266,53.33333333,13.33333333,20,0,0,13.33333333,16.66666667,15,FALSE,2.751291146,27.27272727,25.45454545,18.18181818,10.90909091,1.818181818,16.36363636,4.545454545,55,FALSE,0.972677473,0.997437059,0.960292588,0.603760587,0.633467119,0.540320911,0.78821903,0.815452089,0.750306749,0.15282392,0.413407821,0.255528256,0.562750697,0.70542244,0.607910422,0.003581367,0.000312941,1.92E+11,686347000.9,686132214.4,0.003580246,214786.4394,1.12E-06,3068.377715,3068.377705,0.000325803,20.34689389,12.27740416,8.029230121,8.029230118,0.00032575,3,191.643879,0.000214786,0.003573852,0
China,CHN,29.47838988,37.68,1.733351304,4.001279831,0.713083333,48.21930816,0.1848,56.55514475,32569,3421,35990,9056908,0.359603962,0.037772273,0.397376235,0.393299877,0.401494672,9.505418172,9.20671193,9.812768336,1.601186808,46.65740483,27.98277299,10.48902473,5.254237288,3.250903029,6.365657127,18.08419005,35990,FALSE,1.53382103,47.99963155,27.84549725,10.20295373,4.970984679,3.147164482,5.833768307,18.89833891,32569,FALSE,2.242530283,33.87898275,29.28968138,13.21251096,7.950891552,4.238526747,11.42940661,10.3332359,3421,FALSE,0.281124785,0,0.930974552,0.897389826,0.89553374,0.702641201,0.589257305,0.44776687,0.816807877,0.642117992,0.476243732,0.46618264,0.461621388,0.238121866,0.698578596,0.017333513,0.003973762,6.34E+12,1.10E+11,1.10E+11,0.017264634,436908548.8,6.89E-05,12139.72072,12139.72072,8.20E-05,25.4232764,19.89523446,9.40432043,9.40432043,8.20E-05,1,6343.107333,0.436908549,0.017117293,2
Colombia,COL,26.18361166,37.24,0.221890476,4.357685702,0.740333333,48.65530339,0.65844,28.4802836,28,82,110,140383,0.019945435,0.058411631,0.078357066,0.065022207,0.094424075,74.54545455,65.67240562,81.76192419,1.552436065,57.27272727,21.81818182,7.272727273,5.454545455,0.909090909,7.272727273,25,110,FALSE,1.717023565,57.14285714,14.28571429,7.142857143,14.28571429,0,7.142857143,25,28,FALSE,1.496235455,57.31707317,24.3902439,7.317073171,2.43902439,1.219512195,7.317073171,25,82,FALSE,0.883772582,0.960016582,0.885077648,0.910015097,0.853471142,0.940746767,0.89689384,0.906743862,0.912912208,0.951391536,0.648044693,1,0.917582059,0.804030637,0.942538824,0.002218905,0.000783571,2.35E+11,521839226.8,521430328.9,0.002217166,408897.9074,1.74E-06,3717.253705,3717.253703,0.000268805,20.07287011,12.92122323,8.221009403,8.221009402,0.000268769,3,235.1787405,0.000408898,0.002214712,0
Czech Republic,CZE,25.94940169,51.92,1.539016522,4.206164775,0.878375,68.12647048,0.94728,42.03575878,53,111,164,421293,0.012580318,0.026347459,0.038927777,0.033409232,0.045357464,67.68292683,60.19105286,74.36533841,3.171366087,35.36585366,23.17073171,9.146341463,7.317073171,7.317073171,17.68292683,13.1097561,164,FALSE,3.408779203,39.62264151,16.98113208,5.660377358,3.773584906,9.433962264,24.52830189,16.98113208,53,FALSE,3.058006672,33.33333333,26.12612613,10.81081081,9.009009009,6.306306306,14.41441441,11.26126126,111,FALSE,0.958257054,0.980833472,0.956380555,0.490751114,0.465050544,0.442463239,0.724504084,0.722942008,0.699421897,0.419662368,0.422262043,0.499959419,0.688959711,0.701547758,0.728169987,0.015390165,0.000389278,1.86E+11,2863685001,2862570232,0.015384174,1114768.911,5.99E-06,6797.371428,6797.37141,0.000147058,21.77537509,13.92415858,8.824438367,8.824438364,0.000147048,3,186.0724014,0.001114769,0.015267038,0
Germany,DEU,28.85494445,78.84,2.765867391,4.940802847,0.93725,83.38871442,0.96008,55.45535125,565,717,1282,3683697,0.015337852,0.019464142,0.034801994,0.032948628,0.036759574,55.92823713,53.1967913,58.62426037,3.492754412,38.61154446,15.5226209,9.516380655,6.08424337,4.212168487,26.05304212,14.5475819,1282,FALSE,3.73642977,43.36283186,9.380530973,9.734513274,4.955752212,3.89380531,28.67256637,16.81415929,565,FALSE,3.300736871,34.86750349,20.36262204,9.344490934,6.973500697,4.463040446,23.9888424,12.76150628,717,FALSE,0.966050925,0.973039532,0.971687375,0.407519259,0.389823231,0.365020104,0.686785092,0.681431382,0.668353739,0.483961631,0.417560686,0.554562931,0.725006278,0.695300109,0.763125153,0.027658674,0.00034802,3.40E+12,94053400994,94020668535,0.027649048,32732458.97,9.63E-06,25532.33911,25532.33929,3.92E-05,25.26712855,17.3038778,10.14774029,10.1477403,3.92E-05,0,3400.502906,0.032732459,0.027273716,1
Denmark,DNK,26.44198813,89.44,2.752898696,7.763935913,0.931708333,89.96903662,0.94016,56.9149155,61,127,188,555455,0.010981988,0.022864138,0.033846126,0.029341979,0.039041414,67.55319149,60.56725559,73.8361272,4.015757205,37.76595745,12.76595745,4.787234043,5.85106383,7.446808511,31.38297872,16.4893617,188,FALSE,3.542240325,47.54098361,6.557377049,4.918032787,4.918032787,8.196721311,27.86885246,21.31147541,61,FALSE,4.243194447,33.07086614,15.7480315,4.724409449,6.299212598,7.086614173,33.07086614,14.17322835,127,FALSE,0.96785662,0.985351021,0.964126611,0.2720741,0.434408382,0.06432876,0.61996536,0.709879701,0.514227685,0.570797609,0.544189028,0.605944527,0.769327114,0.764770024,0.785035569,0.027528987,0.000338461,3.05E+11,8383005778,8380168455,0.027519669,2837322.698,9.32E-06,15092.14208,15092.14201,6.62E-05,22.84947237,14.85837181,9.621995753,9.621995748,6.62E-05,0,304.5155926,0.002837323,0.02714781,1
Algeria,DZA,25.74952951,32.31818182,0.23761,6.268928412,0.717791667,40.20939929,0.30272,18.90146492,49,49,98,87979,0.055695109,0.055695109,0.111390218,0.091419761,0.135717253,50,40.28901085,59.71098915,2.00477727,42.85714286,24.48979592,12.24489796,6.12244898,3.06122449,11.2244898,15.30612245,98,FALSE,1.829331322,51.02040816,20.40816327,12.24489796,2.040816327,2.040816327,12.24489796,19.3877551,49,FALSE,2.180223219,34.69387755,28.57142857,12.24489796,10.20408163,4.081632653,10.20408163,11.2244898,49,FALSE,0.821370826,0.858973101,0.891118531,0.792869592,0.827685712,0.722520287,0.807120209,0.843329407,0.806819409,0.517883402,0.490023943,0.49862107,0.669627114,0.674498522,0.694869801,0.0023761,0.001113902,1.52E+11,362028942.8,361625678,0.002373453,403264.8286,2.65E-06,4114.947236,4114.947231,0.000242746,19.70723472,12.90735125,8.322624278,8.322624276,0.000242716,3,152.3626711,0.000403265,0.002370641,0
Egypt,EGY,26.05080407,32.48,0.57656381,4.309666634,0.688625,43.33105774,0.1774,24.71222817,435,618,1053,325158,0.133781116,0.190061447,0.323842563,0.304892141,0.343966775,58.68945869,55.68903674,61.62670859,3.126893404,25.83095916,24.21652422,15.00474834,10.35137702,7.122507123,17.47388414,5.413105413,1053,FALSE,4.159796077,24.36781609,13.33333333,15.17241379,10.11494253,8.045977011,28.96551724,4.597701149,435,FALSE,2.39985026,26.86084142,31.87702265,14.88673139,10.51779935,6.472491909,9.385113269,5.987055016,618,FALSE,0.420034637,0.638269497,0.592320535,0.502268471,0.292619953,0.65244822,0.461151554,0.465444725,0.622384377,0.075469792,0.073588904,0.307997318,0.247752214,0.3559292,0.450158926,0.005765638,0.003238426,2.06E+11,1187320143,1183475095,0.005746967,3845047.982,1.87E-05,3651.517548,3651.517552,0.000272972,20.89496462,15.1622969,8.203171948,8.203171949,0.000272935,1,205.930397,0.003845048,0.005730516,2
Spain,ESP,27.84677534,63.24,1.21211,4.3721787,0.878916667,71.7070478,0.94672,44.6070366,347,389,736,1836810,0.018891448,0.021178021,0.040069468,0.037277773,0.04307014,52.85326087,49.24134878,56.43554205,4.436471446,31.92934783,16.0326087,8.831521739,5.842391304,4.211956522,33.15217391,11.54891304,736,FALSE,5.43429454,34.00576369,10.08645533,4.899135447,4.899135447,4.034582133,42.07492795,14.55331412,347,FALSE,3.546382465,30.07712082,21.33676093,12.33933162,6.683804627,4.370179949,25.19280206,8.868894602,389,FALSE,0.956100325,0.96299559,0.967876126,0.163119219,0,0.286646811,0.559609772,0.481497795,0.627261468,0.349861799,0.35390337,0.412885894,0.652981062,0.65844948,0.69038101,0.0121211,0.000400695,1.24E+12,15039829164,15033802784,0.012116243,6026379.534,4.86E-06,8188.015725,8188.015671,0.000122081,23.4339678,15.61165715,9.01054899,9.010548983,0.000122073,3,1240.797383,0.00602638,0.012043429,1
Finland,FIN,26.17850659,91.16,3.193343913,6.393231288,0.928,90.32475648,0.93528,57.70636474,28,82,110,417680,0.006703697,0.019632254,0.026335951,0.021853203,0.031737953,74.54545455,65.67240562,81.76192419,3.502034721,36.36363636,22.72727273,10.90909091,2.727272727,1.818181818,25.45454545,12.72727273,110,FALSE,3.551090251,53.57142857,14.28571429,7.142857143,0,0,25,23.21428571,28,FALSE,3.485284052,30.48780488,25.6097561,12.19512195,3.658536585,2.43902439,25.6097561,9.146341463,82,FALSE,0.982043826,0.997443255,0.971313533,0.405115882,0.432376473,0.306140276,0.693579854,0.714909864,0.638726905,0.402557793,0.597765363,0.42298396,0.692300809,0.797604309,0.697148747,0.031933439,0.00026336,2.34E+11,7471824279,7469856503,0.031925029,1967775.981,8.41E-06,17888.87253,17888.87255,5.59E-05,22.73440502,14.49241503,9.791990051,9.791990053,5.59E-05,0,233.981196,0.001967776,0.031426018,1
France,FRA,28.5221432,69.84,2.169283043,5.442854961,0.890541667,77.01783902,0.88936,53.4156787,408,648,1056,2436252,0.016747036,0.026598234,0.04334527,0.040809063,0.046039024,61.36363636,58.39066165,64.2542317,4.78105231,28.40909091,9.659090909,7.386363636,4.829545455,8.049242424,41.66666667,10.51136364,1056,FALSE,5.417139751,29.90196078,6.12745098,5.147058824,5.392156863,8.823529412,44.60784314,12.37745098,408,FALSE,4.380552809,27.4691358,11.88271605,8.796296296,4.475308642,7.561728395,39.81481481,9.336419753,648,FALSE,0.949912125,0.969056591,0.955822893,0.073881053,0.003938674,0.020504537,0.511896589,0.486497632,0.488163715,0.303462811,0.292638843,0.429902124,0.626687468,0.630847717,0.692862509,0.02169283,0.000433453,2.44E+12,52884161796,52861239013,0.021683428,22922782.72,9.40E-06,21707.18045,21707.1806,4.60E-05,24.69136973,16.9476419,9.985444448,9.985444455,4.60E-05,0,2437.863605,0.022922783,0.021451686,1
United Kingdom,GBR,28.60497472,79.72,1.947372273,5.129261403,0.916833333,81.96225768,0.9046,59.11537571,717,1126,1843,4733699,0.015146717,0.023786895,0.038933612,0.037196507,0.040751808,61.09603907,58.84929984,63.29661674,3.966600597,34.45469343,17.09169832,8.681497558,5.860010852,4.395008139,29.5170917,12.88659794,1843,FALSE,4.648954643,35.42538354,12.13389121,6.694560669,4.184100418,5.020920502,36.54114365,14.36541144,717,FALSE,3.532099842,33.8365897,20.24866785,9.946714032,6.927175844,3.996447602,25.04440497,11.94493783,1126,FALSE,0.958246031,0.973579759,0.962074625,0.284804481,0.180311025,0.291203685,0.621525256,0.576945392,0.626639155,0.409682782,0.348612702,0.524842782,0.683964407,0.66109623,0.743458704,0.019473723,0.000389336,2.65E+12,51574100004,51554020344,0.019466141,20079659.99,7.58E-06,10895.09494,10895.09495,9.17E-05,24.66628545,16.81521797,9.296159741,9.296159742,9.17E-05,0,2648.394491,0.02007966,0.019279099,1
Greece,GRC,26.13477131,44.2,0.874168571,3.576235511,0.873916667,60.23648648,0.84552,37.34679918,121,119,240,410002,0.029512051,0.029024249,0.0585363,0.051585799,0.066422666,49.58333333,43.31426766,55.86552775,3.006650696,43.33333333,13.33333333,12.91666667,5.833333333,5.833333333,18.75,15.20833333,240,FALSE,3.005730254,44.62809917,9.917355372,9.917355372,10.74380165,5.785123967,19.00826446,17.3553719,121,FALSE,3.007586608,42.01680672,16.80672269,15.96638655,0.840336134,5.882352941,18.48739496,13.02521008,119,FALSE,0.921215289,0.932977337,0.950428027,0.533408443,0.557589034,0.458549774,0.727311866,0.745283186,0.7044889,0.513510294,0.432799298,0.564160799,0.717362791,0.682888318,0.757294413,0.008741686,0.000585363,2.24E+11,1957862346,1956716286,0.008736569,1146060.176,5.12E-06,4775.25072,4775.250735,0.000209291,21.39511908,13.95184156,8.47141115,8.471411153,0.000209269,3,223.9685126,0.00114606,0.008698626,0
Croatia,HRV,24.68834238,43.88,0.916915217,4.084461434,0.837041667,57.49448746,0.879,37.67944844,26,26,52,122976,0.021142337,0.021142337,0.042284673,0.032249251,0.055441218,50,36.88563856,63.11436144,3.323013742,36.53846154,23.07692308,7.692307692,1.923076923,3.846153846,26.92307692,14.42307692,52,FALSE,4.090243774,38.46153846,19.23076923,7.692307692,0,3.846153846,30.76923077,15.38461538,26,FALSE,2.55578371,34.61538462,26.92307692,7.692307692,3.846153846,3.846153846,23.07692308,13.46153846,26,FALSE,0.95191566,0.956633639,0.967955478,0.451478015,0.308588895,0.602697611,0.701696837,0.632611267,0.785326544,0.478393795,0.377309841,0.58004158,0.715154727,0.66697174,0.773998529,0.009169152,0.000422847,52724304914,483437174.8,483232755,0.009165275,204419.8285,3.88E-06,3931.150589,3931.150549,0.000254271,19.99643193,12.22793603,8.276941779,8.276941769,0.000254239,3,52.72430491,0.00020442,0.009123529,0
Hungary,HUN,25.56803259,48.36,1.180969565,4.749340897,0.835625,62.88940986,0.66768,39.99437379,26,68,94,235585,0.011036356,0.028864316,0.039900673,0.03260971,0.048820972,72.34042553,62.55641807,80.37010807,3.188285494,29.78723404,22.34042553,17.0212766,5.319148936,8.510638298,17.0212766,6.382978723,94,FALSE,5.26952035,26.92307692,19.23076923,19.23076923,0,0,34.61538462,3.846153846,26,FALSE,2.392519225,30.88235294,23.52941176,16.17647059,7.352941176,11.76470588,10.29411765,7.352941176,68,FALSE,0.956419191,0.985197352,0.950783677,0.486369394,0.037831521,0.654787188,0.721394293,0.511514437,0.802785433,0.11884232,0.052428019,0.357710652,0.537630755,0.518812686,0.654247164,0.011809696,0.000399007,1.27E+11,1500701002,1500102212,0.011804984,598789.7994,4.71E-06,6370.104216,6370.104249,0.000156921,21.12919817,13.30266757,8.75952808,8.759528085,0.000156908,3,127.073639,0.00059879,0.011735848,0
Indonesia,IDN,27.14924718,29.64,0.171662222,2.339350808,0.67325,46.02965439,0.70576,31.30502075,127,103,230,166633,0.076215396,0.061812486,0.138027882,0.121314356,0.157040416,44.7826087,38.49410054,51.2425417,1.406422046,56.95652174,20.43478261,11.73913043,4.782608696,3.913043478,2.173913043,22.60869565,230,FALSE,1.078821,71.65354331,14.96062992,6.299212598,2.362204724,3.937007874,0.787401575,32.67716535,127,FALSE,1.810357316,38.83495146,27.18446602,18.44660194,7.766990291,3.883495146,3.883495146,10.19417476,103,FALSE,0.771050561,0.800974218,0.877514975,0.94782922,1,0.840526103,0.859439891,0.900487109,0.859020539,0.844452917,0.86420622,0.461121315,0.807751739,0.832590219,0.669318145,0.001716622,0.001380279,6.18E+11,1060334685,1058871127,0.001714253,1463557.507,2.37E-06,6363.293493,6363.29351,0.000156934,20.78185044,14.19638136,8.758458506,8.758458509,0.000156922,3,617.6866827,0.001463558,0.001712785,0
India,IND,28.07350712,34.96,0.738574286,3.875898873,0.597708333,50.30695625,0.49776,38.19981338,3885,1928,5813,2025458,0.19180847,0.095188348,0.286996818,0.2797232,0.294459011,33.16703939,31.96817273,34.38813995,2.412858055,31.22312059,29.89850335,16.29107174,5.694133838,5.281266128,11.61190435,7.466024428,5813,FALSE,2.517686005,36.6023166,21.36422136,16.65379665,5.894465894,6.229086229,13.25611326,9.974259974,3885,FALSE,2.201625386,20.38381743,47.09543568,15.56016598,5.290456432,3.371369295,8.298755187,2.411825726,1928,FALSE,0.489638627,0.474260005,0.803295192,0.687186472,0.66964212,0.715691919,0.58841255,0.571951062,0.759493556,0.167275892,0.224973577,0.177871855,0.32845726,0.349616791,0.490583524,0.007385743,0.002869968,1.56E+12,11496440956,11463446536,0.007364546,32994419.73,2.12E-05,5675.971043,5675.971052,0.000175676,23.16530334,17.31184904,8.644173102,8.644173104,0.00017566,1,1556.572057,0.03299442,0.00733756,2
Ireland,IRL,26.32704781,74.25,1.261269565,4.417926333,0.917333333,80.71146885,0.9288,50.35122502,64,70,134,316559,0.0202174,0.022112782,0.042330182,0.035745125,0.050127746,52.23880597,43.83744362,60.51537875,3.865784016,44.7761194,8.955223881,8.208955224,2.985074627,4.47761194,30.59701493,18.28358209,134,FALSE,5.219498631,43.75,3.125,6.25,1.5625,1.5625,43.75,18.75,64,FALSE,2.628102083,45.71428571,14.28571429,10,4.285714286,7.142857143,18.57142857,17.85714286,70,FALSE,0.951829692,0.959247895,0.965797445,0.310913553,0.049316316,0.579624414,0.631371622,0.504282105,0.77271093,0.651034761,0.472067039,0.74002574,0.801432227,0.715657467,0.852911593,0.012612696,0.000423302,2.71E+11,3423729973,3422280701,0.012607357,1449271.129,5.34E-06,10815.45612,10815.45618,9.24E-05,21.95399643,14.18657201,9.288823968,9.288823974,9.24E-05,0,271.4510893,0.001449271,0.012528546,0
Iran,IRN,26.53414394,26,0.510774,3.581350143,0.769625,35.8046417,0.12844,28.52097323,1338,673,2011,720244,0.185770378,0.093440556,0.279210934,0.267286881,0.29166538,33.46593734,31.43678486,35.55813921,3.222496665,30.23371457,20.93485828,12.68025858,8.503232223,5.17155644,22.47637991,8.776727996,2011,FALSE,3.65952636,32.2122571,17.11509716,9.641255605,7.922272048,4.334828102,28.77428999,11.28550075,1338,FALSE,2.35363228,26.30014859,28.52897474,18.72213967,9.658246657,6.835066865,9.955423477,3.789004458,673,FALSE,0.504346663,0.49132617,0.807181854,0.477509523,0.407479959,0.667194079,0.490928093,0.449403065,0.737187966,0.225890276,0.261893429,0.227996198,0.36511847,0.3766098,0.517589026,0.00510774,0.002792109,3.34E+11,1705536733,1700774688,0.005093479,4762045.041,1.43E-05,2367.998529,2367.998529,0.000421118,21.2571457,15.37618797,7.770222583,7.770222583,0.00042103,2,333.9122063,0.004762045,0.005080551,2
Israel,ISR,26.27983914,62.76,4.418404348,5.825073906,0.886333333,71.60275584,0.93772,52.24996791,80,70,150,485772,0.016468631,0.014410052,0.030878684,0.026317235,0.036230462,46.66666667,38.86591247,54.63389512,4.598840977,35.33333333,11.33333333,4.666666667,7.333333333,8.666666667,32.66666667,15.33333333,150,FALSE,5.401266256,36.25,7.5,3.75,5,7.5,40,16.25,80,FALSE,3.681783514,34.28571429,15.71428571,5.714285714,10,10,24.28571429,14.28571429,70,FALSE,0.97346231,0.969843479,0.982926438,0.121069411,0.007583167,0.243447069,0.547265861,0.488713323,0.613186754,0.519100267,0.401675978,0.61003861,0.746281289,0.685759728,0.796482524,0.044184043,0.000308787,2.59E+11,11440752259,11437219506,0.0441704,3532753.737,1.36E-05,23551.69145,23551.69158,4.24E-05,23.16044758,15.0775885,10.06699538,10.06699539,4.24E-05,0,258.9340259,0.003532754,0.043222695,1
Italy,ITA,28.29103456,48.92,1.238055652,4.233888678,0.886416667,62.10153236,0.957,44.94473999,568,589,1157,2331944,0.02435736,0.025257896,0.049615257,0.046838134,0.052556954,50.90751945,48.02865258,53.78037976,4.851137941,32.32497839,12.27312014,6.828003457,5.012964564,4.235090752,39.3258427,12.74848747,1157,FALSE,5.380643202,32.3943662,10.21126761,5.809859155,4.929577465,4.929577465,41.72535211,13.29225352,568,FALSE,4.340511476,32.25806452,14.2614601,7.809847199,5.093378608,3.565365025,37.01188455,12.22410866,589,FALSE,0.938067715,0.947546642,0.958803476,0.055730558,0.012318141,0.033279735,0.496899137,0.479932392,0.496041606,0.403506512,0.318396412,0.535003594,0.670787113,0.632971527,0.746903535,0.012380557,0.000496153,1.93E+12,23954127889,23942242987,0.012374414,11884902.11,6.14E-06,10272.17115,10272.17123,9.73E-05,23.8994065,16.29077951,9.237291034,9.237291041,9.73E-05,0,1934.818346,0.011884902,0.012298477,1
Japan,JPN,29.21696359,73.24,3.16911,3.343745697,0.909333333,77.59070836,0.6626,53.55656914,1170,452,1622,2880832,0.040613267,0.015689912,0.056303179,0.053629661,0.059109897,27.86683107,25.7391444,30.09911193,5.066333803,24.35265105,11.65228113,9.309494451,7.58323058,7.521578298,39.58076449,7.521578298,1622,FALSE,5.399809286,21.53846154,9.487179487,9.401709402,8.717948718,8.11965812,42.73504274,6.068376068,1170,FALSE,4.203133991,31.63716814,17.25663717,9.07079646,4.646017699,5.973451327,31.4159292,11.28318584,452,FALSE,0.925433798,0.901600673,0.980080343,0,0.007917682,0.077110059,0.462716899,0.454759177,0.528595201,0.169760249,0.114997851,0.500757395,0.547597024,0.508299262,0.740418869,0.0316911,0.000563032,4.88E+12,1.55E+11,1.55E+11,0.031673257,87143760.23,1.78E-05,53726.11613,53726.11605,1.86E-05,25.7652442,18.28306974,10.89167311,10.89167311,1.86E-05,0,4883.892152,0.08714376,0.031182005,1
South Korea,KOR,27.8502366,53.68,3.508071739,4.717597425,0.893208333,69.06425489,0.82504,59.99763532,794,632,1426,1536127,0.051688435,0.041142432,0.092830866,0.088138058,0.097773293,44.3197756,41.76008565,46.90998801,2.539345085,33.38008415,29.59326788,12.6227209,6.171107994,4.488078541,13.74474053,10.37868163,1426,FALSE,2.8641195,38.41309824,20.78085642,11.71284635,6.297229219,4.659949622,18.13602015,13.35012594,794,FALSE,2.131321533,27.05696203,40.66455696,13.76582278,6.012658228,4.272151899,8.227848101,6.64556962,632,FALSE,0.85643064,0.870297633,0.92348014,0.65442937,0.59010232,0.738122383,0.755430005,0.730199977,0.830801262,0.2975293,0.320025893,0.331964876,0.57697997,0.595161763,0.627722508,0.035080717,0.000928309,1.25E+12,43678985327,43638437747,0.035048152,40547580.34,3.26E-05,28434.48838,28434.48832,3.51E-05,24.50013294,17.51798669,10.25539323,10.25539323,3.51E-05,0,1245.099547,0.04054758,0.034447949,1
Morocco,MAR,25.28430928,36.91666667,0.55884,5.346025112,0.623625,47.99501344,0.5826,31.04794717,37,32,69,84934,0.043563237,0.037676313,0.081239551,0.064203976,0.102790613,46.37681159,35.1139913,58.02179924,1.204971778,62.31884058,20.28985507,10.14492754,4.347826087,1.449275362,1.449275362,26.08695652,69,FALSE,1.091810496,72.97297297,16.21621622,5.405405405,0,2.702702703,2.702702703,33.78378378,37,FALSE,1.335814511,50,25,15.625,9.375,0,0,17.1875,32,FALSE,0.878327383,0.893262828,0.931187943,1,0.997017661,0.991929113,0.939163691,0.945140245,0.961558528,1,0.895364638,0.715653153,0.939163691,0.894313733,0.823420548,0.0055884,0.000812396,95683267801,534716373.8,534281972.6,0.00558386,434401.1812,4.54E-06,6295.66927,6295.669292,0.00015871,20.09724702,12.98172607,8.747776085,8.747776089,0.000158698,3,95.6832678,0.000434401,0.005568328,0
Mexico,MEX,27.75078404,32.44,0.3588225,4.547285037,0.755958333,47.53506173,0.88184,30.51271633,63,76,139,417989,0.015072167,0.018182297,0.033254464,0.028167199,0.039260176,54.67625899,46.38575216,62.71523803,2.548761812,42.44604317,17.26618705,10.07194245,6.474820144,5.755395683,17.98561151,16.18705036,139,FALSE,2.91302978,44.44444444,11.11111111,11.11111111,4.761904762,3.174603175,25.3968254,16.66666667,63,FALSE,2.246802839,40.78947368,22.36842105,9.210526316,7.894736842,7.894736842,11.84210526,15.78947368,76,FALSE,0.968974309,0.973790469,0.974537886,0.651990664,0.578872707,0.701278041,0.810482487,0.776331588,0.837907964,0.55727831,0.413407821,0.664770033,0.763126309,0.693599145,0.81965396,0.003588225,0.000332545,1.13E+12,4044753363,4043408302,0.003587032,1345061.051,1.19E-06,9676.698102,9676.698208,0.000103307,22.12068641,14.1119507,9.177579353,9.177579364,0.000103301,3,1127.229581,0.001345061,0.003580614,0
Malaysia,MYS,26.18875473,49.08,0.94581,5.158240992,0.777083333,61.49518843,0.38944,40.58148955,361,553,914,335181,0.107703002,0.164985485,0.272688488,0.255594766,0.290922073,60.50328228,57.2964308,63.62221137,1.817160094,48.46827133,22.10065646,10.61269147,6.783369803,4.266958425,7.768052516,18.92778993,914,FALSE,1.316125069,75.90027701,8.310249307,3.601108033,1.385041551,2.493074792,8.310249307,36.14958449,361,FALSE,2.144237208,30.56057866,31.10307414,15.18987342,10.3074141,5.424954792,7.414104882,7.685352622,553,FALSE,0.516667986,0.711977116,0.648083363,0.841457933,0.945515897,0.734001633,0.679062959,0.828746506,0.691042498,0.679843599,0.961977127,0.369809231,0.598255792,0.836977122,0.508946297,0.0094581,0.002726885,2.36E+11,2235813472,2229716666,0.009432309,6096805.951,2.58E-05,6670.466022,6670.466029,0.000149506,21.52787097,15.62327574,8.805594908,8.805594909,0.000149495,1,236.391397,0.006096806,0.009388102,2
Nigeria,NGA,26.43511962,22.75,0.208335,0.41401308,0.507666667,33.45405781,0.9082,21.08152094,59,119,178,102344,0.057648714,0.116274525,0.173923239,0.150196989,0.201389907,66.85393258,59.64652447,73.34922568,1.816963908,37.07865169,26.96629213,15.73033708,10.11235955,5.056179775,5.056179775,10.6741573,178,FALSE,1.972737503,50.84745763,8.474576271,10.16949153,11.86440678,8.474576271,10.16949153,20.33898305,59,FALSE,1.739731622,30.25210084,36.13445378,18.48739496,9.243697479,3.361344538,2.521008403,5.882352941,119,FALSE,0.703241914,0.853451399,0.756404671,0.841508741,0.794760203,0.86305925,0.772375327,0.824105801,0.80973196,0.31074291,0.516807121,0.304186539,0.506992412,0.68512926,0.530295605,0.00208335,0.001739232,3.02E+11,630070021.3,628974183.1,0.002079727,1095838.189,3.62E-06,6156.39433,6156.39432,0.00016215,20.26134152,13.90703101,8.725408969,8.725408967,0.000162137,3,302.4311908,0.001095838,0.002077567,0
Netherlands,NLD,27.41087033,85,1.950128696,5.153174774,0.9285,86.85093628,0.88344,57.03549243,173,288,461,1299299,0.013314872,0.022165799,0.035480671,0.032386711,0.038870087,62.47288503,57.96688302,66.7727272,3.461819305,36.22559653,14.31670282,11.27982646,7.15835141,5.639913232,25.37960954,12.47288503,461,FALSE,3.48306845,33.52601156,12.71676301,10.98265896,11.56069364,5.202312139,26.01156069,11.2716763,173,FALSE,3.449055061,37.84722222,15.27777778,11.45833333,4.513888889,5.902777778,25,13.19444444,288,FALSE,0.96476886,0.978757317,0.965679548,0.415530709,0.447994018,0.317699145,0.690149784,0.713375667,0.641689347,0.39118163,0.261504182,0.57032032,0.677975245,0.620130749,0.767999934,0.019501287,0.000354807,8.02E+11,15647789725,15642237785,0.019494368,5551940.791,6.92E-06,12043.25542,12043.25551,8.30E-05,23.47359551,15.5296583,9.396343097,9.396343104,8.30E-05,0,802.3977985,0.005551941,0.019306787,1
Norway,NOR,26.64905915,85.8,1.739198636,7.110576982,0.949875,87.2317562,0.90268,49.23780875,45,124,169,415495,0.010830455,0.029843921,0.040674376,0.034987744,0.047284832,73.37278107,66.24320009,79.46338906,2.613950889,37.86982249,24.26035503,10.65088757,7.100591716,2.958579882,17.15976331,13.60946746,169,FALSE,2.512495247,51.11111111,13.33333333,4.444444444,8.888888889,4.444444444,17.77777778,23.33333333,45,FALSE,2.650769469,33.06451613,28.22580645,12.90322581,6.451612903,2.419354839,16.93548387,10.08064516,124,FALSE,0.954957615,0.985779315,0.948605275,0.635108259,0.670833898,0.572392379,0.795032937,0.828306606,0.760498827,0.442009353,0.601117318,0.456989247,0.698483484,0.793448316,0.702797261,0.017391986,0.000406744,3.75E+11,6514611520,6511961742,0.017384912,2649777.584,7.07E-06,15679.15744,15679.1573,6.38E-05,22.59731342,14.78998664,9.660151335,9.660151326,6.38E-05,0,374.5754731,0.002649778,0.017235524,1
New Zealand,NZL,25.73087688,91.28,1.237787273,5.488875031,0.925208333,87.93955029,0.87936,45.48917815,28,75,103,296624,0.00943956,0.025284535,0.034724095,0.02863517,0.042107212,72.81553398,63.51896398,80.47139183,2.86692849,45.63106796,15.53398058,7.766990291,6.796116505,4.854368932,19.41747573,18.93203883,103,FALSE,2.52019165,60.71428571,10.71428571,3.571428571,3.571428571,0,21.42857143,28.57142857,28,FALSE,2.996376911,40,17.33333333,9.333333333,8,6.666666667,18.66666667,15.33333333,75,FALSE,0.96619808,0.989710565,0.958744238,0.569593138,0.669066834,0.462126231,0.767895609,0.829388699,0.710435234,0.680033609,0.748603352,0.648168168,0.823115844,0.869156958,0.803456203,0.012377873,0.000347241,1.50E+11,1851074322,1850431554,0.012373575,642768.8063,4.30E-06,6240.473874,6240.473847,0.000160189,21.33903202,13.37354194,8.738971631,8.738971627,0.000160176,3,149.5470476,0.000642769,0.012297648,0
Pakistan,PAK,26.11287228,26.83333333,0.241566923,2.092106324,0.504166667,37.65168241,0.58964,22.06408346,241,1114,1355,285492,0.084415675,0.390203578,0.474619254,0.450065525,0.500505799,82.21402214,80.08769497,84.15820389,1.745625374,31.14391144,38.52398524,16.75276753,8.118081181,2.435424354,3.025830258,7.195571956,1355,FALSE,1.699898609,46.47302905,23.23651452,13.69294606,7.468879668,2.904564315,6.22406639,16.39004149,241,FALSE,1.755517789,27.82764811,41.83123878,17.41472172,8.258527828,2.333931777,2.333931777,5.206463196,1114,FALSE,0.135207737,0.777796809,0.1472532,0.859983707,0.857402966,0.858022669,0.497595722,0.817599887,0.502637934,0.155181315,0.405619045,0.279586588,0.145194526,0.591707927,0.213419894,0.002415669,0.004746193,2.19E+11,529314517.2,526802288.6,0.002404204,2512228.613,1.15E-05,1854.043256,1854.043257,0.000536802,20.08709337,14.73668121,7.525663293,7.525663294,0.000536658,2,219.1171335,0.002512229,0.002401319,2
Poland,POL,26.81306678,50.64,0.863536957,4.925381287,0.856458333,64.02790692,0.93,37.70803544,110,186,296,821078,0.013397022,0.022653146,0.036050168,0.032171104,0.040396766,62.83783784,57.20108848,68.14562792,2.279714006,32.77027027,28.04054054,15.87837838,7.432432432,3.378378378,12.5,8.445945946,296,FALSE,3.342268683,30,17.27272727,15.45454545,7.272727273,5.454545455,24.54545455,7.272727273,110,FALSE,1.651321455,34.40860215,34.40860215,16.12903226,7.52688172,2.150537634,5.376344086,9.139784946,186,FALSE,0.963693043,0.978525127,0.964595806,0.721667583,0.480321103,0.891266537,0.842680313,0.729423115,0.927931172,0.211097773,0.148908075,0.422745326,0.587395408,0.563716601,0.693670566,0.00863537,0.000360502,4.41E+11,3811078324,3809704424,0.008632257,1373900.138,3.11E-06,4641.554547,4641.554522,0.000215367,22.06117801,14.1331648,8.443020043,8.443020037,0.000215344,3,441.3335519,0.0013739,0.008595212,0
Portugal,PRT,26.09032689,62.44,1.219813913,5.023483168,0.841041667,70.30611373,0.95292,43.85769095,76,81,157,461229,0.016477715,0.017561775,0.03403949,0.029115714,0.039795597,51.59235669,43.8308661,59.27778241,2.38043047,42.03821656,19.10828025,14.01273885,7.006369427,4.458598726,13.37579618,14.01273885,157,FALSE,2.785583054,46.05263158,13.15789474,9.210526316,5.263157895,3.947368421,22.36842105,18.42105263,76,FALSE,2.000287305,38.27160494,24.69135802,18.51851852,8.641975309,4.938271605,4.938271605,9.87654321,81,FALSE,0.967491343,0.969817804,0.975917775,0.695584438,0.608133986,0.779928888,0.83153789,0.788975895,0.877923332,0.460043564,0.462805057,0.449560672,0.713767453,0.716311431,0.712739223,0.012198139,0.000340395,2.14E+11,2613235696,2612346164,0.012193987,889532.1035,4.15E-06,5665.8096,5665.809576,0.000176437,21.68385502,13.698452,8.642381558,8.642381553,0.000176422,3,214.2323242,0.000889532,0.012120239,0
Romania,ROU,25.76950122,39.08,0.448163478,3.399877828,0.803791667,52.34715197,0.9,34.2643558,126,77,203,294563,0.04277523,0.026140418,0.068915648,0.060067426,0.079066225,37.93103448,31.53879733,44.77157737,3.65056662,28.07881773,13.79310345,14.77832512,8.866995074,6.403940887,28.07881773,6.650246305,203,FALSE,4.433232294,21.42857143,9.523809524,17.46031746,6.349206349,8.73015873,36.50793651,1.984126984,126,FALSE,2.369840974,38.96103896,20.77922078,10.38961039,12.98701299,2.597402597,14.28571429,14.28571429,77,FALSE,0.90160803,0.895490066,0.956840963,0.366649688,0.229840048,0.662022691,0.634128859,0.562665057,0.809431827,0.130794469,0,0.61003861,0.51620125,0.447745033,0.783439786,0.004481635,0.000689156,1.55E+11,696608297.4,696128225.3,0.004478546,480072.1222,3.09E-06,2364.887299,2364.887301,0.000422562,20.36173383,13.08169371,7.76890841,7.768908411,0.000422472,2,155.4362039,0.000480072,0.004468547,0
Russia,RUS,27.81460127,25.88,1.089132174,3.86856093,0.808708333,39.69516062,0.49488,30.26407354,2775,342,3117,1117565,0.248307705,0.030602247,0.278909952,0.269301498,0.288860234,10.97208855,9.922529306,12.1177306,2.54219415,24.12576195,23.48411935,11.35707411,18.41514277,16.29772217,6.32017966,6.38434392,3117,FALSE,2.568429621,23.53153153,22.7027027,10.73873874,19.53153153,17.83783784,5.657657658,6.396396396,2775,FALSE,2.329318619,28.94736842,29.8245614,16.37426901,9.356725146,3.801169591,11.69590643,6.286549708,342,FALSE,0.504915239,0.314569616,0.946918943,0.653691531,0.657991581,0.674951359,0.579303385,0.486280598,0.810935151,0.118903371,0.124233731,0.318897845,0.311909305,0.219401674,0.632908394,0.010891322,0.0027891,1.20E+12,13086045789,13049547505,0.010860945,36498284.03,3.04E-05,11709.427,11709.42702,8.52E-05,23.29481229,17.41277583,9.368234921,9.368234922,8.52E-05,1,1201.511268,0.036498284,0.010802388,2
Saudi Arabia,SAU,27.02663959,45.68181818,0.385899333,6.246967845,0.820125,52.73318629,0.0644,36.044819,356,1810,2166,396563,0.08977136,0.456421804,0.546193165,0.523727847,0.569616614,83.56417359,81.94425261,85.06524707,2.032229787,25.39242844,41.50507849,16.71283472,5.817174515,3.554939982,7.01754386,4.339796861,2166,FALSE,1.679671458,35.6741573,33.42696629,20.78651685,2.528089888,2.808988764,4.775280899,7.443820225,356,FALSE,2.101572752,23.37016575,43.09392265,15.91160221,6.464088398,3.701657459,7.458563536,3.729281768,1810,FALSE,0,0.76265941,0,0.78576005,0.862047042,0.747613739,0.392880025,0.812353226,0.37380687,0.027471663,0.153725441,0.225822508,0.013735831,0.458192426,0.112911254,0.003858993,0.005461932,5.46E+11,2108601282,2097084246,0.003837916,11517036.08,2.11E-05,5317.19117,5317.191173,0.000187042,21.46929067,16.25933798,8.578888519,8.578888519,0.000187025,1,546.412264,0.011517036,0.00383057,2
Singapore,SGP,26.19043422,88.52,2.05527619,2.997800821,0.924125,88.4967438,0.45496,59.94342125,96,138,234,412443,0.023275944,0.033459169,0.056735112,0.049918091,0.064482494,58.97435897,52.57640928,65.0824023,3.017544475,34.61538462,17.09401709,8.974358974,8.11965812,8.547008547,22.64957265,12.82051282,234,FALSE,3.155087839,35.41666667,12.5,10.41666667,7.291666667,7.291666667,27.08333333,12.5,96,FALSE,2.921862135,34.05797101,20.28985507,7.971014493,8.695652174,9.420289855,19.56521739,13.04347826,138,FALSE,0.924617848,0.950603177,0.940565844,0.530587216,0.523297106,0.48590019,0.727602532,0.736950141,0.713233017,0.40672747,0.296089385,0.564825695,0.665672659,0.623346281,0.75269577,0.020552762,0.000567351,2.37E+11,4866662749,4863901642,0.020541101,2761106.561,1.17E-05,11799.60079,11799.60069,8.47E-05,22.30567427,14.83114245,9.375905724,9.375905715,8.47E-05,0,236.7887475,0.002761107,0.020332978,1
Serbia,SRB,24.41649989,35.68181818,0.719496667,3.603101993,0.776416667,46.78584774,0.8254,31.74345504,80,77,157,136825,0.058468847,0.056276265,0.114745112,0.09815264,0.134138737,49.04458599,41.34149843,56.79331247,2.908277639,27.38853503,22.92993631,16.56050955,9.554140127,7.006369427,16.56050955,5.414012739,157,FALSE,3.025256674,35,25,12.5,5,2.5,20,11.25,80,FALSE,2.78674098,19.48051948,20.77922078,20.77922078,14.28571429,11.68831169,12.98701299,-0.649350649,77,FALSE,0.815033214,0.851133361,0.889826182,0.558884702,0.553105843,0.529010631,0.686958958,0.702119602,0.709418406,0.075510368,0.260893855,0.066456066,0.445271791,0.556013608,0.478141124,0.007194967,0.001147451,40174563759,289054647.2,288722971.2,0.007186711,331676.0787,8.26E-06,2112.586495,2112.586489,0.00047281,19.48212632,12.71191712,7.656141544,7.656141541,0.000472699,2,40.17456376,0.000331676,0.007161009,0
Slovakia,SVK,25.12537576,46.2,0.707349565,4.07354303,0.841458333,62.05493608,0.94808,35.50789959,8,42,50,134033,0.005968679,0.031335567,0.037304246,0.028299381,0.04917305,84,71.48551904,91.66267864,2.601396304,46,16,10,10,6,12,18,50,FALSE,4.332306639,50,0,0,0,12.5,37.5,25,8,FALSE,2.271699097,45.23809524,19.04761905,11.9047619,11.9047619,4.761904762,7.142857143,16.66666667,42,FALSE,0.961324009,0.99952072,0.945288219,0.638359595,0.25301219,0.693334883,0.799841802,0.626266455,0.819311551,0.638353031,0.648044693,0.696696697,0.79983852,0.823782706,0.820992458,0.007073496,0.000373042,81622905159,577359264.6,577143885.1,0.007070857,215379.5204,2.64E-06,4307.590404,4307.590407,0.000232062,20.17397527,12.2801616,8.368366077,8.368366078,0.000232035,3,81.62290516,0.00021538,0.007045976,0
Slovenia,SVN,24.5092733,59.92,1.87318087,5.383778182,0.895333333,68.08436731,0.9372,40.10457609,12,8,20,118831,0.010098375,0.00673225,0.016830625,0.010895916,0.025996968,40,21.88039674,61.34220577,1.898151951,60,15,10,0,0,15,25,20,FALSE,1.203741729,58.33333333,25,8.333333333,0,0,8.333333333,25,12,FALSE,2.939767283,62.5,0,12.5,0,0,25,25,8,FALSE,1,0.987848478,1,0.820482988,0.97131868,0.480187548,0.910241494,0.979583579,0.740093774,0.951391536,0.648044693,1,0.975695768,0.817946586,1,0.018731809,0.000168306,44080057225,825699199.4,825560229.1,0.018728656,138970.3359,3.15E-06,6948.516796,6948.516794,0.000143891,20.5317411,11.84202297,8.84642741,8.84642741,0.000143881,3,44.08005723,0.00013897,0.018555434,0
Sweden,SWE,26.87205977,88.76,3.358736667,7.078445227,0.931583333,87.71745829,0.94988,62.57819105,93,215,308,846067,0.010992037,0.025411699,0.036403736,0.032559402,0.040701792,69.80519481,64.45973202,74.66269423,3.014969288,32.46753247,19.80519481,12.01298701,9.090909091,6.493506494,20.12987013,10.22727273,308,FALSE,2.989291471,39.78494624,19.35483871,7.52688172,8.602150538,6.451612903,18.27956989,16.12903226,93,FALSE,3.026076437,29.30232558,20,13.95348837,9.302325581,6.511627907,20.93023256,7.674418605,215,FALSE,0.96302513,0.985322616,0.958461457,0.531254128,0.561363316,0.452650589,0.747139629,0.773342966,0.705556023,0.290758327,0.398269959,0.369411272,0.626891728,0.691796287,0.663936364,0.033587367,0.000364037,4.68E+11,15724007089,15718282963,0.03357514,5724126.029,1.22E-05,18584.82495,18584.82477,5.38E-05,23.4784545,15.56020061,9.83015447,9.83015446,5.38E-05,0,468.152423,0.005724126,0.033023802,1
Thailand,THA,26.47742671,35,0.568221429,3.75559956,0.74625,51.70169551,0.33876,36.67229828,108,184,292,243719,0.044313328,0.075496781,0.119810109,0.106839928,0.13435273,63.01369863,57.34082857,68.34859441,2.06462078,37.32876712,27.39726027,15.75342466,7.876712329,4.452054795,7.191780822,10.78767123,292,FALSE,2.331939057,53.7037037,14.81481481,7.407407407,2.777777778,8.333333333,12.96296296,23.14814815,108,FALSE,1.907716573,27.7173913,34.7826087,20.65217391,10.86956522,2.173913043,3.804347826,3.532608696,184,FALSE,0.805465109,0.891142759,0.847084438,0.777371561,0.712288906,0.809463606,0.791418335,0.801715832,0.828274022,0.315819228,0.595903166,0.218664316,0.560642168,0.743522962,0.532874377,0.005682214,0.001198101,3.16E+11,1792742537,1790594650,0.005675406,2147886.787,6.81E-06,7355.776679,7355.776668,0.000135785,21.30701243,14.57999549,8.903377165,8.903377163,0.000135775,3,315.5006913,0.002147887,0.005659362,0
Tunisia,TUN,24.3927275,43.68,0.660322222,6.426575701,0.711833333,51.72619148,0.52932,26.9867919,54,101,155,118707,0.045490156,0.085083441,0.130573597,0.111581554,0.152793288,65.16129032,57.37585965,72.21336634,2.099154357,32.25806452,28.38709677,21.93548387,6.451612903,3.870967742,7.096774194,5.161290323,155,FALSE,2.353385555,50,18.51851852,11.11111111,0,5.555555556,14.81481481,19.44444444,54,FALSE,1.963228766,22.77227723,33.66336634,27.72277228,9.900990099,2.97029703,2.97029703,-2.475247525,101,FALSE,0.785132185,0.887816551,0.825766042,0.768428194,0.707364872,0.791752425,0.776780189,0.797590712,0.808759234,0.064208675,0.491620112,0,0.42467043,0.689718331,0.412883021,0.006603222,0.001305736,39230780796,259049563.5,258711313.1,0.0065946,338250.333,8.62E-06,2182.260216,2182.260213,0.000457642,19.37252997,12.73154449,7.688574551,7.688574549,0.000457537,2,39.2307808,0.00033825,0.006572951,0
Turkey,TUR,27.21699101,39.52,0.860106522,4.169628322,0.768375,51.96244013,0.33528,37.20171711,437,316,753,859859,0.050822286,0.036750211,0.087572497,0.081539283,0.094051698,41.96547145,38.4900655,45.52244122,2.039626118,35.98937583,29.74767596,15.13944223,6.772908367,3.85126162,8.499335989,10.4249668,753,FALSE,2.146117906,43.93592677,22.65446224,13.04347826,5.034324943,3.203661327,12.12814645,15.44622426,437,FALSE,1.892357411,25,39.55696203,18.03797468,9.17721519,4.746835443,3.481012658,3.481012658,316,FALSE,0.866364038,0.87274573,0.933247368,0.783844578,0.754952729,0.81436395,0.825104308,0.81384923,0.873805659,0.299599163,0.379044527,0.216786407,0.582981601,0.625895129,0.575016887,0.008601065,0.000875725,6.61E+11,5685141133,5680162513,0.008593533,4978620.048,7.53E-06,6611.713238,6611.713212,0.000151114,22.46112179,15.42066351,8.796749323,8.796749319,0.000151103,3,660.9810515,0.00497862,0.008556819,0
Ukraine,UKR,25.45684719,26.96,0.703096667,5.570056015,0.769583333,39.20920266,0.61228,29.69101202,34,51,85,168707,0.020153284,0.030229925,0.050383209,0.040752106,0.06228905,60,49.37124804,69.76393188,1.781825502,31.76470588,44.70588235,8.235294118,3.529411765,7.058823529,4.705882353,11.76470588,85,FALSE,1.94725611,41.17647059,32.35294118,2.941176471,5.882352941,11.76470588,5.882352941,19.11764706,34,FALSE,1.671538431,25.49019608,52.94117647,11.76470588,1.960784314,3.921568627,3.921568627,6.862745098,51,FALSE,0.936617004,0.959429116,0.947746896,0.850608744,0.800610633,0.884816306,0.893612874,0.880019875,0.916281601,0.359512009,0.482418666,0.339869281,0.648064507,0.720923891,0.643808088,0.007030967,0.000503832,1.14E+11,799435261.9,799032480.8,0.007027424,402781.1388,3.54E-06,4738.601611,4738.601634,0.000210926,20.49941612,12.9061511,8.463708363,8.463708368,0.000210904,3,113.7020412,0.000402781,0.007002847,0
United States,USA,30.43802067,72.04,2.812854783,5.067867143,0.918375,78.5470658,0.88604,61.68921126,3794,2951,6745,15631807,0.024271026,0.018878176,0.043149202,0.042131864,0.044191095,43.75092661,42.5709116,44.93805586,4.011494914,33.49147517,13.8028169,9.414381023,7.220163084,5.292809489,30.77835434,12.03854707,6745,FALSE,4.17348766,34.60727464,12.15076436,8.645229309,7.169214549,5.324196099,32.10332103,12.98102267,3794,FALSE,3.803226368,32.05692985,15.92680447,10.40325313,7.285665876,5.252456794,29.07488987,10.82683836,2951,FALSE,0.950282509,0.947790658,0.972990421,0.273177931,0.289476418,0.204700694,0.61173022,0.618633538,0.588845557,0.371758129,0.309633264,0.484147991,0.661020319,0.628711961,0.728569206,0.028128548,0.000431492,1.66E+13,4.66E+11,4.66E+11,0.028116411,200994649.7,1.21E-05,29799.05862,29799.05852,3.35E-05,26.86705039,19.11878885,10.30226564,10.30226564,3.35E-05,0,16560.15575,0.20099465,0.0277284,1
Vietnam,VNM,25.69541324,30.92,0.322614286,3.71598894,0.691833333,45.33587157,0.30848,37.07996414,46,209,255,117000,0.039316239,0.178632479,0.217948718,0.192811864,0.246354571,81.96078431,76.77811578,86.1947603,2.173026801,25.49019608,32.15686275,18.03921569,8.62745098,9.411764706,6.274509804,3.725490196,255,FALSE,1.390233015,43.47826087,36.95652174,13.04347826,2.173913043,4.347826087,0,15.2173913,46,FALSE,2.345316343,21.53110048,31.10047847,19.13875598,10.04784689,10.52631579,7.655502392,1.196172249,209,FALSE,0.620074943,0.905266615,0.617735776,0.749297005,0.928500997,0.669847281,0.684685974,0.916883806,0.643791528,0,0.372601409,0.133626449,0.310037472,0.638934012,0.375681113,0.003226143,0.002179487,1.44E+11,465650180.1,464635301.5,0.003219112,1014878.598,7.03E-06,3979.916069,3979.91607,0.000250714,19.95894523,13.83028054,8.28926724,8.28926724,0.000250683,1,144.3365035,0.001014879,0.003213941,0
South Africa,ZAF,26.4788335,44.84,0.70087619,5.259212799,0.677958333,56.28097301,0.88032,30.13827923,82,168,250,374723,0.021882831,0.044833117,0.066715948,0.058944624,0.075511076,67.2,61.15824663,72.72114903,2.035427789,38.8,25.2,17.2,6.8,5.6,6.4,10.8,250,FALSE,2.053254537,46.34146341,23.17073171,12.19512195,4.87804878,3.658536585,9.756097561,17.07317073,82,FALSE,2.026726639,35.11904762,26.19047619,19.64285714,7.738095238,6.547619048,4.761904762,7.738095238,168,FALSE,0.905763406,0.954540694,0.915272956,0.784931844,0.776273802,0.771493412,0.845347625,0.865407248,0.843383184,0.316370568,0.424853522,0.371728872,0.611066987,0.689697108,0.643500914,0.007008762,0.000667159,3.16E+11,2214382205,2212904859,0.007004086,1477346.08,4.68E-06,5909.384279,5909.384322,0.000169109,21.51823929,14.20575852,8.68446613,8.684466137,0.000169095,3,315.9448468,0.001477346,0.006979671,0
